"REVIEW_ID","PRODUCT_ID","CUSTOMER_ID","RATING","REVIEW_TEXT","REVIEW_DATE","PURCHASE_CHANNEL","HELPFUL_VOTES"
"R031","P196","C0051","2.0","ベビーカーに取り付けるタイプのおもちゃです。カラフルな色合いで赤ちゃんの興味を引きます。安全基準も満たしており、口に入れても安心な素材です。取り付けも簡単でした。","2024-06-06 17:33:11.992","店舗","14"
"R032","P042","C0086","4.0","贈り物にぴったりです。","2024-08-23 00:16:09.885","EC","13"
"R033","P139","C0195","1.0","セールで購入。お得でした！","2024-09-11 23:52:17.948","EC","5"
"R034","P200","C0491","4.0","注文から届くまでが早かったです。","2024-07-31 02:48:39.194","EC","0"
"R035","P136","C0297","4.0","3ヶ月間使用してのレビューです。まず結論から言うと、非常に満足しています。購入のきっかけは、前の製品が故障したためでした。いくつかの候補を比較検討した結果、性能と価格のバランスが一番良いこちらを選びました。開封時の梱包は丁寧で、傷や汚れは一切ありませんでした。セットアップも説明書通りに進めれば30分程度で完了します。日常使いでは、動作が安定しており、トラブルは一度もありません。特に気に入っているのは省エネ性能で、以前の製品と比べて電気代が明らかに下がりました。デザインもモダンで、インテリアに馴染みます。強いて改善点を挙げるなら、付属のリモコンがやや安っぽい印象です。ただ、本体の品質を考えれば些細なことです。総合的に見て、この価格帯ではベストチョイスだと思います。迷っている方にはぜひおすすめしたい製品です。","2024-09-30 19:00:31.058","店舗","4"
"R036","P001","C0471","5.0","冷凍食品とは思えないクオリティです。レンジで温めるだけで本格的な味が楽しめます。忙しい平日の夕食に大活躍しています。保存期間も長くて助かります。","2024-06-23 02:09:21.983","店舗","12"
"R037","P154","C0305","1.0","注文から届くまで3週間もかかりました。お急ぎ便を選択したにもかかわらずです。問い合わせても「配送業者に確認中」の繰り返しで、進展がありませんでした。","2024-07-17 13:25:27.964","店舗","0"
"R038","P083","C0318","2.0","シンプルで使いやすいです。","2024-09-10 06:30:44.209","EC","3"
"R039","P126","C0068","4.0","夏用に購入しましたが、通気性が良くて涼しいです。速乾性もあるので汗をかいてもすぐ乾きます。UVカット機能も付いていて、アウトドアにも最適です。","2024-11-25 13:38:30.323","店舗","4"
"R040","P005","C0289","5.0","期待通りの品質でした。","2024-12-26 19:06:57.218","EC","2"
"R041","P029","C0452","2.0","値段相応の品質です。","2024-10-22 12:14:31.291","店舗","4"
"R042","P093","C0361","3.0","店舗で実物を確認してからECで購入しました。店員さんのアドバイスも的確で、良い買い物ができました。次回もこの方法で購入しようと思います。","2024-12-23 10:05:04.008","EC","12"
"R043","P079","C0481","5.0","サイズがピッタリでした。","2024-07-15 19:52:23.911","店舗","7"
"R044","P062","C0140","3.0","使いやすくて気に入っています。","2025-03-06 16:37:49.351","店舗","8"
"R045","P015","C0259","4.0","ディスプレイが大きくて見やすいです。ただ、少し重いので長時間の片手操作は疲れます。Wi-Fi接続の安定性は良好で、動画のストリーミングも途切れません。全体的にはコスパの良い製品だと思います。","2024-07-06 20:17:02.649","EC","6"
"R046","P062","C0002","3.0","オーガニック素材を使っている点が決め手でした。子供にも安心して食べさせられます。味も自然な甘さで美味しいです。ただ、もう少し量が多いと嬉しいかな。","2025-02-03 10:19:37.268","店舗","10"
"R047","P146","C0362","4.0","コスパ最高です。リピート確定！","2024-07-14 10:44:24.077","店舗","2"
"R048","P021","C0299","4.0","うちの猫がとても気に入っています。他のフードだと残すことが多いのですが、これは毎回完食します。原材料もしっかりしていて安心です。便の状態も良好になりました。","2024-07-20 11:52:42.042","EC","0"
"R049","P022","C0461","3.0","購入してから半年が経過したのでレビューを更新します。結論として、耐久性も含めて非常に優れた製品だと実感しています。初回レビュー時に気になっていた小さな異音は、使用していくうちに消えました。日本語の説明書も分かりやすく、初心者でも問題なく使えると思います。毎日使用していますが、性能の劣化は感じられません。消耗品の交換も簡単で、ランニングコストも低く抑えられています。アフターサービスも一度利用しましたが、対応が迅速で丁寧でした。メールでの問い合わせから24時間以内に回答をいただけました。友人にも3人すすめましたが、全員満足しているとのことです。季節を通して使えるのも大きなポイントです。長く使える製品を探している方にはぜひおすすめします。","2025-02-15 00:16:11.105","EC","9"
"R050","P188","C0499","4.0","配送が早くて助かりました。","2024-08-31 22:33:06.885","店舗","25"
"R051","P125","C0091","5.0","家族4人で1ヶ月間試した感想を詳しく書きます。購入前はレビューが少なくて不安でしたが、実際に使ってみると期待以上の品質でした。まず、素材の品質が素晴らしいです。手に取った瞬間に「これは良いものだ」と感じました。毎日使用していますが、へたりや劣化の兆候は見られません。子供たちも気に入っており、取り合いになるほどです。夫も「これは良い買い物だった」と言っています。メンテナンスも簡単で、週に一度のお手入れで十分です。収納性も良く、使わない時はコンパクトにまとまります。唯一の欠点は、人気商品のためか在庫が不安定なことです。次回の購入では色違いも検討しています。価格以上の価値がある商品だと思います。SnowRetailさんの対応も丁寧で好印象でした。","2024-08-09 15:45:45.754","EC","9"
"R052","P018","C0411","4.0","通勤用に購入しました。シワになりにくい素材で、出張時にも重宝しています。ポケットの位置や数も使いやすく、機能的です。ビジネスカジュアルにぴったりのデザインです。","2024-09-12 14:48:34.163","店舗","0"
"R053","P195","C0440","4.0","子供のおやつ用に購入。添加物が少なく安心です。味も優しい甘さで気に入ったようです。チャック付きの袋なので保存も簡単です。","2024-11-26 18:20:13.358","EC","7"
"R054","P137","C0115","1.0","品質は良いですが価格が少し高いかな。","2024-11-02 17:58:19.336","EC","15"
"R055","P197","C0180","4.0","店舗で現物を見てからECで購入するつもりでしたが、店舗のスタッフさんの対応が素晴らしかったので、そのまま店舗で購入しました。ECより少し高かったですが、接客の質を考えると納得です。アフターフォローも店舗の方が安心感があります。","2025-02-19 21:34:04.863","EC","12"
"R056","P033","C0450","5.0","お歳暮用に購入しました。見た目も豪華で、贈り先からも好評でした。品質の高さが伝わる上品な味わいです。来年もリピートする予定です。","2025-01-12 11:29:18.985","EC","4"
"R057","P033","C0223","3.0","ちょっと期待はずれでした。","2024-11-17 11:29:08.620","店舗","4"
"R058","P169","C0098","3.0","コンパクトで場所を取りません。","2024-11-17 08:21:02.001","店舗","0"
"R059","P122","C0486","4.0","料理好きの主婦として、2ヶ月間毎日使った感想です。最初はキッチンに置くスペースが心配でしたが、コンパクトな設計で問題ありませんでした。使い始めは操作に慣れるのに少し時間がかかりましたが、1週間もすれば直感的に使えるようになりました。一番感動したのは、煮込み料理の仕上がりです。圧力調理のおかげで、お肉がとても柔らかくなります。カレー、シチュー、角煮など、どれも家族から大好評です。洗浄も内釜を取り外して丸洗いできるので衛生的です。レシピブックも付属していて、新しい料理にも挑戦できます。電気代も思ったほどかからず、ガス代と比べると節約になっています。唯一の不満点は、蒸気の排出口が汚れやすいことですが、綿棒で簡単に掃除できます。","2025-01-29 00:13:45.321","店舗","8"
"R060","P141","C0260","3.0","離乳食用の食器セットです。吸盤付きでテーブルにしっかり固定されるので、赤ちゃんが引っ張っても倒れません。電子レンジ対応なのも便利です。BPAフリーで安心して使えます。","2024-10-05 16:14:42.412","EC","1"
"R061","P043","C0216","4.0","引っ越しをきっかけに家中のスマート家電を一新しました。今回購入した製品は、その中でも最も満足度が高いです。まず設置が非常に簡単でした。壁に取り付けるタイプですが、付属の金具がしっかりしており、DIYが苦手な私でも15分で完了しました。動作音がとても静かで、就寝中でも全く気になりません。タイマー機能やスケジュール設定も細かくカスタマイズでき、生活スタイルに合わせた運用ができます。1ヶ月の電気代は以前の製品と比べて約30%削減できました。デザインも白を基調としたミニマルなもので、どんなインテリアにも合います。メンテナンスの手間も少なく、フィルターの掃除は月1回程度で十分です。長く使えそうな堅牢な作りで、投資する価値のある製品だと感じています。","2025-02-19 01:03:38.766","店舗","8"
"R062","P068","C0208","4.0","IT企業で働くエンジニアとして、技術的な観点からレビューします。スペック通りの性能が出ており、メーカーの公称値に偽りはありません。接続の安定性が特に優れており、24時間連続稼働でも問題ありませんでした。ファームウェアのアップデートも定期的に提供されており、セキュリティ面でも安心です。Wi-Fi 6E対応で、5GHz帯での通信速度は理論値の85%程度を達成しています。消費電力も実測で公称値とほぼ同じでした。発熱も少なく、夏場でも安定動作しています。APIも公開されているので、自作のスマートホームシステムとの統合も容易でした。ドキュメントが充実しているのも技術者としては高評価ポイントです。唯一、管理画面のUIがやや古い印象がありますが、機能面では十分です。","2024-09-27 00:19:11.293","店舗","4"
"R063","P136","C0311","4.0","電気圧力鍋で毎日の料理が劇的に楽になりました。カレーが15分で完成するのは感動です。予約調理機能も便利で、帰宅時間に合わせてセットしています。お手入れも簡単です。","2024-11-19 13:44:38.452","店舗","5"
"R064","P156","C0087","4.0","冬の寒さ対策として購入しました❄️ 暖かさが全然違います。11月から使い始めて、真冬の1-2月でもしっかり機能してくれました。春先まで重宝しそうです。","2024-12-18 04:21:39.679","EC","1"
"R065","P109","C0345","3.0","素材が肌に優しく、敏感肌の私でも安心して着られます。デザインもシンプルで合わせやすいです。ただ、少しシワになりやすいので、アイロンが必要な点は注意です。","2024-07-28 05:26:18.025","店舗","3"
"R066","P055","C0313","5.0","音質にこだわって選びましたが、期待通りでした。低音が豊かで映画鑑賞に最適です。リモコンの操作性も直感的で、家族全員がすぐに使いこなせました。省エネモードも嬉しい機能です。","2024-11-24 20:47:10.424","店舗","9"
"R067","P139","C0254","3.0","家族4人で1ヶ月間試した感想を詳しく書きます。購入前はレビューが少なくて不安でしたが、実際に使ってみると期待以上の品質でした。まず、素材の品質が素晴らしいです。手に取った瞬間に「これは良いものだ」と感じました。毎日使用していますが、へたりや劣化の兆候は見られません。子供たちも気に入っており、取り合いになるほどです。夫も「これは良い買い物だった」と言っています。メンテナンスも簡単で、週に一度のお手入れで十分です。収納性も良く、使わない時はコンパクトにまとまります。唯一の欠点は、人気商品のためか在庫が不安定なことです。次回の購入では色違いも検討しています。価格以上の価値がある商品だと思います。SnowRetailさんの対応も丁寧で好印象でした。","2025-02-10 18:54:13.704","店舗","12"
"R068","P194","C0399","4.0","冬用のアウターとして購入。保温性が高く、北海道の冬でも暖かいです。軽量なので肩が凝りません。フードも取り外し可能で、シーンに合わせて使い分けられます。","2025-02-26 06:22:04.530","EC","1"
"R069","P187","C0470","1.0","梱包がいい加減で、商品が箱の中で動き回っていました。案の定、角が欠けていました。緩衝材をケチった結果だと思います。","2024-11-28 10:47:19.683","EC","22"
"R070","P177","C0314","5.0","前回購入した商品が良かったので、リピート購入です。品質が安定していて安心感があります。ポイント還元もあるのでお得感があります。","2024-12-14 00:52:24.436","EC","18"
"R071","P052","C0231","3.0","購入してから半年が経過したのでレビューを更新します。結論として、耐久性も含めて非常に優れた製品だと実感しています。初回レビュー時に気になっていた小さな異音は、使用していくうちに消えました。日本語の説明書も分かりやすく、初心者でも問題なく使えると思います。毎日使用していますが、性能の劣化は感じられません。消耗品の交換も簡単で、ランニングコストも低く抑えられています。アフターサービスも一度利用しましたが、対応が迅速で丁寧でした。メールでの問い合わせから24時間以内に回答をいただけました。友人にも3人すすめましたが、全員満足しているとのことです。季節を通して使えるのも大きなポイントです。長く使える製品を探している方にはぜひおすすめします。","2025-02-03 15:26:07.283","EC","8"
"R072","P183","C0226","2.0","リピート3回目です。安定の品質。","2024-08-31 01:38:18.278","EC","4"
"R073","P080","C0042","2.0","まあまあです。可もなく不可もなく。","2024-10-27 18:08:51.710","店舗","6"
"R074","P103","C0213","4.0","在庫切れが多いのが残念です。","2024-11-28 22:43:45.425","店舗","3"
"R075","P172","C0200","5.0","写真通りの商品でした。","2025-02-26 02:44:38.020","EC","2"
"R076","P167","C0153","5.0","手触りが良く高級感があります。","2024-12-27 00:34:45.765","店舗","2"
"R077","P096","C0224","4.0","梱包が丁寧で好印象でした。","2024-10-09 12:57:15.684","EC","9"
"R078","P113","C0471","2.0","思ったより小さかったです。","2024-11-01 00:32:05.606","店舗","3"
"R079","P133","C0070","5.0","4Kモニターを初めて購入しましたが、文字の鮮明さに驚きました。目の疲れも軽減された気がします。HDMI端子が2つあるのでPC・ゲーム機を同時に接続できて便利です。","2024-06-20 12:41:12.266","EC","3"
"R080","P116","C0168","3.0","引っ越しを機にまとめ買いしました。必要なものが一度に揃って助かりました。配送日時の指定もできて便利でした。品質も全体的に満足です。","2024-10-26 05:42:44.284","EC","0"
"R081","P031","C0241","1.0","毎日のサプリメントとして摂取しています。飲みやすいカプセルタイプで続けやすいです。1ヶ月ほどで疲れにくくなった気がします。コスパも良いのでリピートしています。","2024-06-21 05:28:22.974","EC","0"
"R082","P064","C0400","5.0","普通に良い商品です。","2024-06-13 01:13:13.972","店舗","0"
"R083","P058","C0319","3.0","デザインがおしゃれで満足。","2024-12-01 21:54:32.685","店舗","1"
"R084","P017","C0239","1.0","充電が全く持ちません。カタログでは8時間と記載されていますが、実際は3時間程度です。誇大広告も甚だしいです。消費者を馬鹿にしています。","2025-01-22 07:19:45.621","店舗","7"
"R085","P087","C0494","3.0","プロテインとして毎日飲んでいます。溶けやすくダマになりません。チョコレート味ですが甘すぎず、水でもおいしく飲めます。トレーニングの回復が早くなった気がします。","2024-06-10 23:20:24.951","EC","3"
"R086","P006","C0204","5.0","お取り寄せグルメとして購入しました。届いた時の鮮度が素晴らしく、産地直送の良さを実感できました。梱包も保冷剤がしっかり入っていて安心でした。リピート確定です。","2024-06-30 12:20:18.606","店舗","2"
"R087","P151","C0436","4.0","子供も気に入っています。","2024-07-18 00:18:53.815","店舗","3"
"R088","P142","C0339","3.0","料理好きの主婦として、2ヶ月間毎日使った感想です。最初はキッチンに置くスペースが心配でしたが、コンパクトな設計で問題ありませんでした。使い始めは操作に慣れるのに少し時間がかかりましたが、1週間もすれば直感的に使えるようになりました。一番感動したのは、煮込み料理の仕上がりです。圧力調理のおかげで、お肉がとても柔らかくなります。カレー、シチュー、角煮など、どれも家族から大好評です。洗浄も内釜を取り外して丸洗いできるので衛生的です。レシピブックも付属していて、新しい料理にも挑戦できます。電気代も思ったほどかからず、ガス代と比べると節約になっています。唯一の不満点は、蒸気の排出口が汚れやすいことですが、綿棒で簡単に掃除できます。","2024-06-05 21:55:35.869","EC","6"
"R089","P059","C0222","5.0","思い切って買って正解でした。","2024-11-26 13:04:52.724","店舗","5"
"R090","P151","C0268","5.0","サイズ感がぴったりでした。生地もしっかりしていて、何度洗濯しても型崩れしません。色落ちも少なく、長く愛用できそうです。普段Mサイズですが、Mでジャストフィットでした。","2025-01-26 04:43:09.827","EC","5"
"R091","P057","C0304","3.0","夏のBBQシーズンに向けて購入しました🏕️ 暑い季節に大活躍してくれそうです。去年の夏は別の製品を使っていましたが、今年はこちらに乗り換えました。涼しさが段違いです！","2024-07-04 15:45:24.285","EC","3"
"R092","P002","C0292","4.0","防犯カメラとして購入しました。画質がとても鮮明で、夜間でもはっきり映ります。アプリへの通知も即時で、外出時の安心感が全然違います。設置も簡単でした。","2024-10-09 15:26:37.029","EC","13"
"R093","P019","C0250","3.0","ストレッチ素材で動きやすいです。ジムでのトレーニング用に購入しましたが、フィット感が良く、運動の邪魔になりません。洗濯後の乾きも早いです。","2024-10-11 04:11:16.286","EC","4"
"R094","P182","C0486","3.0","毎朝の朝食に利用しています。栄養バランスが良く、手軽に準備できるので重宝しています。味のバリエーションも豊富で飽きません。個包装なので持ち運びにも便利です。","2025-03-07 15:34:56.416","EC","1"
"R095","P162","C0354","4.0","引っ越しをきっかけに家中のスマート家電を一新しました。今回購入した製品は、その中でも最も満足度が高いです。まず設置が非常に簡単でした。壁に取り付けるタイプですが、付属の金具がしっかりしており、DIYが苦手な私でも15分で完了しました。動作音がとても静かで、就寝中でも全く気になりません。タイマー機能やスケジュール設定も細かくカスタマイズでき、生活スタイルに合わせた運用ができます。1ヶ月の電気代は以前の製品と比べて約30%削減できました。デザインも白を基調としたミニマルなもので、どんなインテリアにも合います。メンテナンスの手間も少なく、フィルターの掃除は月1回程度で十分です。長く使えそうな堅牢な作りで、投資する価値のある製品だと感じています。","2024-12-08 14:47:11.458","店舗","1"
"R096","P016","C0208","4.0","IT企業で働くエンジニアとして、技術的な観点からレビューします。スペック通りの性能が出ており、メーカーの公称値に偽りはありません。接続の安定性が特に優れており、24時間連続稼働でも問題ありませんでした。ファームウェアのアップデートも定期的に提供されており、セキュリティ面でも安心です。Wi-Fi 6E対応で、5GHz帯での通信速度は理論値の85%程度を達成しています。消費電力も実測で公称値とほぼ同じでした。発熱も少なく、夏場でも安定動作しています。APIも公開されているので、自作のスマートホームシステムとの統合も容易でした。ドキュメントが充実しているのも技術者としては高評価ポイントです。唯一、管理画面のUIがやや古い印象がありますが、機能面では十分です。","2025-02-13 20:33:21.595","EC","4"
"R097","P059","C0177","4.0","毎日使っています。買って良かった。","2024-12-31 17:59:32.338","EC","8"
"R098","P018","C0157","3.0","色が写真と少し違いました。","2025-03-08 02:51:26.197","EC","4"
"R099","P009","C0487","5.0","味が濃すぎず薄すぎず、ちょうど良い塩梅です。賞味期限も十分長く、まとめ買いしても安心です。パッケージも開けやすく工夫されています。家族全員のお気に入りになりました。","2024-08-14 09:17:28.221","EC","4"
"R100","P085","C0390","4.0","家族全員で使っています。","2024-07-10 00:58:16.852","店舗","2"
"R101","P019","C0092","3.0","定番商品として重宝しています。","2024-07-20 03:50:19.280","店舗","23"
"R102","P132","C0150","2.0","写真と実物が全く違います。色も質感も異なっており、完全に騙された気分です。返品手続きも面倒で、送料も自己負担。もうこの店では買いません。","2024-12-08 15:19:15.105","店舗","3"
"R103","P061","C0246","1.0","臭いがひどく、使用できるレベルではありません。化学薬品のような臭いが何日経っても取れませんでした。製品の品質管理を疑います。","2024-09-07 01:16:08.963","EC","0"
"R104","P072","C0206","4.0","SnowRetailさんでの買い物は初めてでしたが、サイトが見やすく注文もスムーズでした。商品の品揃えも豊富で、また利用したいと思います。","2025-01-31 10:51:33.702","店舗","4"
"R105","P172","C0486","3.0","Alexa対応のスマートプラグです。セットアップは10分ほどで完了しました。外出先からスマホで家電を操作できるのが便利です。消費電力のモニタリング機能も参考になります。","2024-07-17 00:02:54.571","EC","10"
"R106","P125","C0116","5.0","ペット用のベッドです。ふわふわで気持ち良さそうに寝ています。カバーが取り外し可能で洗濯できるのが便利です。サイズも小型犬にぴったりでした。","2024-11-22 23:05:56.930","EC","4"
"R107","P055","C0220","1.0","アレルギー表示が不十分でした。パッケージに記載のない原材料が含まれており、家族が体調不良になりました。健康に関わることなので、非常に問題だと思います。","2025-01-23 18:10:18.983","店舗","14"
"R108","P139","C0321","3.0","ワイヤレスイヤホンとの相性が抜群です。音質もクリアで、通話品質も問題ありません。画面の反応速度も速く、ゲームも快適にプレイできます。防水機能も安心感があります。","2024-07-31 23:52:41.245","店舗","1"
"R109","P034","C0002","4.0","説明書がわかりやすかったです。","2024-09-22 02:44:00.033","店舗","2"
"R110","P186","C0360","5.0","プレゼント用に購入。喜んでもらえました。","2025-02-22 22:53:30.239","EC","10"
"R111","P147","C0339","5.0","スマートロックを導入しましたが、生活が劇的に便利になりました。鍵を持ち歩く必要がなくなり、家族それぞれのスマホで解錠できます。オートロック機能も安心です。","2024-11-13 02:34:56.117","店舗","8"
"R112","P148","C0424","2.0","友人にもおすすめしました。","2024-08-04 10:30:44.811","EC","4"
"R113","P122","C0472","3.0","前のモデルから買い替えました。処理速度が格段に上がっていて、アプリの切り替えもスムーズです。カメラの画質も向上しており、夜景撮影が特に綺麗になりました。ただ、充電器が別売りなのは少し残念です。","2024-11-30 00:34:54.705","EC","8"
"R114","P063","C0257","1.0","動作が不安定で、頻繁にフリーズします。初期不良かと思い交換してもらいましたが、交換品も同様でした。設計自体に問題があるのではないでしょうか。","2025-01-19 06:06:20.040","EC","10"
"R115","P122","C0129","1.0","新商品ということで試しに購入してみました。想像以上に美味しくて驚きました。特にソースの味付けが絶妙です。カロリーも控えめなのでダイエット中でも罪悪感なく食べられます。","2025-02-17 20:54:58.856","店舗","24"
"R116","P105","C0421","3.0","想像以上に良かったです！","2024-08-08 00:53:45.481","EC","13"
"R117","P049","C0300","4.0","ECで購入しましたが、店舗受け取りにしました。送料無料になるし、実物を確認してから持ち帰れるので安心です。このサービスはとても便利だと思います👍 もっと対応商品を増やしてほしいです。","2024-07-06 10:26:27.481","EC","2"
"R118","P025","C0344","2.0","タブレットとしてもノートPCとしても使えるのが便利です。キーボードの打鍵感も悪くありません。バッテリーは実使用で約8時間持ちます。重さも許容範囲内です。","2024-10-07 01:59:34.421","EC","3"
"R119","P025","C0417","5.0","軽くて持ち運びに便利です。","2024-11-24 15:17:05.090","EC","0"
"R120","P169","C0497","5.0","もう少し安ければ星5つです。","2024-06-01 10:43:43.673","EC","1"
"R121","P111","C0266","3.0","初めて購入しましたが良い感じです。","2025-01-29 21:13:55.452","店舗","4"
"R122","P091","C0068","5.0","抱っこ紐を購入しました。腰への負担が少なく、長時間の外出でも楽です。装着も簡単で、一人でもサッと付けられます。メッシュ素材で夏でも蒸れにくいです。","2025-02-27 04:09:43.496","店舗","5"
"R123","P109","C0312","5.0","3ヶ月間使用してのレビューです。まず結論から言うと、非常に満足しています。購入のきっかけは、前の製品が故障したためでした。いくつかの候補を比較検討した結果、性能と価格のバランスが一番良いこちらを選びました。開封時の梱包は丁寧で、傷や汚れは一切ありませんでした。セットアップも説明書通りに進めれば30分程度で完了します。日常使いでは、動作が安定しており、トラブルは一度もありません。特に気に入っているのは省エネ性能で、以前の製品と比べて電気代が明らかに下がりました。デザインもモダンで、インテリアに馴染みます。強いて改善点を挙げるなら、付属のリモコンがやや安っぽい印象です。ただ、本体の品質を考えれば些細なことです。総合的に見て、この価格帯ではベストチョイスだと思います。迷っている方にはぜひおすすめしたい製品です。","2024-09-29 16:24:04.564","店舗","0"
"R124","P106","C0116","5.0","セットアップが簡単で、箱から出して30分で使い始められました。USB-C対応なので充電ケーブルが統一できて便利です。指紋認証の速度も満足しています。","2024-11-27 05:00:21.969","店舗","7"
"R125","P120","C0256","5.0","耐久性がありそうで安心しました。","2024-12-15 15:01:51.722","EC","3"
"R126","P187","C0242","3.0","包丁研ぎ器を購入。簡単な操作で切れ味が復活します。砥石で研ぐのが苦手だったので助かりました。コンパクトで収納にも困りません。","2024-07-27 04:09:39.392","店舗","13"
"R127","P014","C0443","2.0","✨新生活の準備で購入しました✨ 一人暮らしを始める息子へのプレゼントです。シンプルなデザインで男女問わず使えます。息子からも「使いやすい」と連絡がありました😊","2024-10-10 23:52:00.956","EC","8"
"R128","P173","C0372","3.0","鋳鉄製のフライパンです。熱伝導が良く、ステーキが外はカリッと中はジューシーに焼けました。重いですが、料理の仕上がりには大満足です。使い込むほどに愛着が湧きます。","2024-07-28 17:00:34.457","EC","4"
"R129","P168","C0391","4.0","⭐⭐⭐⭐⭐ 文句なしの満点です！！デザイン◎ 機能◎ コスパ◎ これ以上を求めるのは贅沢というものです(^^) リピート決定♪","2024-10-03 23:10:56.890","店舗","20"
"R130","P166","C0293","1.0","組み立て説明書が分かりにくく、完成まで3時間以上かかりました。ネジの種類も多く、どれがどこに使うのか全く分かりません。説明書の改善を強く要望します。","2024-10-02 13:37:05.762","EC","9"
"R131","P026","C0198","5.0","デザインがおしゃれで満足。","2024-12-10 08:47:51.987","店舗","4"
"R132","P016","C0170","5.0","IT企業で働くエンジニアとして、技術的な観点からレビューします。スペック通りの性能が出ており、メーカーの公称値に偽りはありません。接続の安定性が特に優れており、24時間連続稼働でも問題ありませんでした。ファームウェアのアップデートも定期的に提供されており、セキュリティ面でも安心です。Wi-Fi 6E対応で、5GHz帯での通信速度は理論値の85%程度を達成しています。消費電力も実測で公称値とほぼ同じでした。発熱も少なく、夏場でも安定動作しています。APIも公開されているので、自作のスマートホームシステムとの統合も容易でした。ドキュメントが充実しているのも技術者としては高評価ポイントです。唯一、管理画面のUIがやや古い印象がありますが、機能面では十分です。","2024-07-09 17:22:49.538","EC","1"
"R133","P104","C0210","5.0","ロボット掃除機のスマートホーム連携が便利です。外出前に「掃除して」と声をかけるだけで稼働してくれます。マッピング機能も正確で、部屋の隅々まできれいにしてくれます。","2024-06-30 01:26:59.480","EC","5"
"R134","P187","C0204","4.0","ECサイトで購入しましたが、実店舗で見た時と同じ品質でした。写真と実物の差がないのは信頼できます。梱包も丁寧で破損の心配がありませんでした。","2024-10-06 14:27:11.872","EC","24"
"R135","P087","C0368","5.0","写真通りの商品でした。","2024-12-28 02:38:05.036","店舗","5"
"R136","P028","C0472","3.0","Google Homeとの連携がスムーズで、音声操作で照明のON/OFFができるようになりました。アプリからのタイマー設定も便利です。設置は少し手間取りましたが、説明書通りに進めれば問題ありません。","2024-07-06 02:23:47.444","店舗","6"
"R137","P064","C0228","3.0","シンプルで使いやすいです。","2024-06-12 05:48:28.047","EC","8"
"R138","P050","C0184","3.0","使い始めて2週間ほどで効果を実感し始めました。肌のキメが整ってきた気がします。低刺激処方なので敏感肌でも安心です。テクスチャーも伸びが良くて使いやすいです。","2024-09-03 20:05:06.543","EC","1"
"R139","P049","C0088","3.0","フードプロセッサーを購入しました。みじん切りが一瞬でできて時短になります。洗いやすい設計で、パーツも少ないのでお手入れが楽です。音も思ったより静かでした。","2025-01-27 16:07:09.699","店舗","4"
"R140","P138","C0074","3.0","✨新生活の準備で購入しました✨ 一人暮らしを始める息子へのプレゼントです。シンプルなデザインで男女問わず使えます。息子からも「使いやすい」と連絡がありました😊","2024-09-07 15:14:25.470","EC","9"
"R141","P115","C0462","1.0","品質に問題があります。使用2週間で壊れました。カスタマーサービスに連絡しましたが、保証期間内にもかかわらず有償修理と言われ、非常に不快でした。","2024-11-19 13:13:11.967","EC","21"
"R142","P036","C0328","5.0","ちょっと期待はずれでした。","2024-11-25 10:01:06.865","EC","3"
"R143","P109","C0437","4.0","バッテリーの持ちが非常に良いです。朝から晩まで使っても50%以上残っています。ディスプレイの発色も鮮やかで、動画視聴が楽しくなりました。Bluetooth接続も安定しており、ストレスフリーです。","2024-10-27 02:34:22.585","EC","5"
"R144","P047","C0152","1.0","定番商品として重宝しています。","2024-09-15 14:20:33.008","店舗","18"
"R145","P072","C0427","1.0","サイズ表記が不正確です。表示サイズより明らかに小さく、返品するはめになりました。ECサイトの商品情報をもっと正確にしてほしいです。","2025-01-22 18:15:21.821","EC","1"
"R146","P119","C0318","2.0","非常に残念な買い物でした。商品が届いた時点で箱が潰れており、中身にも傷がありました。交換を依頼しましたが、対応に1週間以上かかりました。二度と購入しません。","2024-07-08 17:38:00.925","店舗","3"
"R147","P064","C0018","4.0","説明書がわかりやすかったです。","2024-07-22 00:50:48.092","EC","3"
"R148","P020","C0090","3.0","犬用のおもちゃを購入しました。丈夫な素材で、うちの大型犬が噛んでも壊れません。1ヶ月以上使っていますが、まだまだ現役です。洗えるのも衛生的で良いです。","2024-12-24 03:54:09.513","EC","8"
"R149","P114","C0468","5.0","マッサージガンを購入しました。筋トレ後のケアに最適です。振動の強さが5段階で調整でき、部位に応じて使い分けられます。充電も長持ちします。","2024-09-23 14:55:03.764","EC","9"
"R150","P141","C0494","2.0","在庫切れが多いのが残念です。","2024-08-27 14:52:52.880","EC","25"
