DOCUMENT_ID,TITLE,CONTENT,DOCUMENT_TYPE,DEPARTMENT,CREATED_AT,UPDATED_AT,VERSION
DOC031,ECサイト運用マニュアル,"【ECサイト運用マニュアル】

【文書ID】EC-OPS-2024-01
【作成部署】スノーリテール EC事業部
【機密区分】部内共有可
【改訂日】2024-10-01

【1. 商品登録手順】

1.1 基本情報の登録
・商品管理システム（PIM）にログインし、「新規商品登録」を選択
・必須入力項目：
  - 商品コード（社内SKUと一致させること）
  - 商品名（全角40文字以内、検索キーワードを含める）
  - 販売価格（税込表示）、参考価格（メーカー希望小売価格）
  - カテゴリ（最大3階層まで設定可能）
  - 商品説明文（200文字以上、SEOを意識した記述）
・画像登録：
  - メイン画像1枚（白背景、1200×1200px以上）
  - サブ画像最大8枚（使用シーン、ディテール、サイズ感）
  - 画像ファイル形式はJPEGまたはPNG、1ファイル5MB以内

1.2 在庫同期の設定
・店舗POSシステムとECの在庫は15分間隔で自動同期
・安全在庫数の設定：EC用に実在庫の80%を上限として表示
・在庫切れ時の表示設定：「品切れ中」「入荷待ち」「再入荷通知受付中」から選択
・店舗取り置き対象商品は「店舗在庫あり」バッジを表示

【2. 決済処理】

2.1 対応決済手段
・クレジットカード（VISA、Mastercard、JCB、AMEX、Diners）
・スノーリテールポイント決済
・コンビニ払い（セブン-イレブン、ローソン、ファミリーマート）
・代金引換（手数料330円、10,000円以上で無料）
・PayPay、楽天ペイ、d払い、au PAY

2.2 決済トラブル対応
・与信エラー発生時：顧客にメールで通知、24時間以内に再決済依頼
・二重決済の場合：速やかに経理部と連携し返金処理（3営業日以内）
・不正利用の疑い：セキュリティチームに即時エスカレーション

【3. 配送手配】

3.1 配送区分
・通常配送：注文確定後2-4営業日以内に発送（送料550円、5,000円以上無料）
・お急ぎ便：注文確定後翌日発送（追加料金330円）
・大型商品配送：別途見積もり、日時指定必須
・店舗受取（クリック＆コレクト）：注文確定後最短2時間で受取可能

3.2 出荷作業フロー
1. 受注確認（自動メール送信）
2. ピッキングリスト出力（倉庫端末）
3. 検品・梱包（破損防止の緩衝材使用を徹底）
4. 送り状発行・貼付
5. 配送業者引渡し（集荷時刻：14時、18時の1日2回）
6. 出荷完了メール送信（追跡番号付き）

【4. 返品・交換対応】
・EC購入商品の返品期限：商品到着後14日以内
・返品送料：商品不良の場合は当社負担、顧客都合の場合は顧客負担
・交換商品の発送：返品商品の到着確認後、翌営業日に発送",マニュアル,EC事業部,2024-10-01 09:00:00.000,2025-01-15 14:30:00.000,2.0
DOC032,Web広告運用ガイドライン,"【Web広告運用ガイドライン】

【文書ID】MKT-WEBAD-2024-01
【作成部署】スノーリテール マーケティング部
【機密区分】部内限定
【施行日】2024-07-01

【1. リスティング広告運用ルール】

1.1 Google検索広告
・月次予算上限：500万円（部長承認で最大800万円まで増額可）
・入札戦略：目標コンバージョン単価（tCPA）を基本とする
・キーワード管理：
  - ブランドキーワード（「スノーリテール」等）：常時配信
  - 商品カテゴリキーワード：季節・キャンペーンに応じて調整
  - 競合キーワード：原則として入札しない（例外は部長承認）
  - 除外キーワードは週次で見直し
・広告文作成ルール：
  - 誇大表現の禁止（「日本一」「最安値」等は根拠なく使用不可）
  - 価格表示は税込で統一
  - 季節商材は配信期間を事前設定

1.2 Yahoo!検索広告
・月次予算上限：200万円
・Google広告と同一のキーワード戦略を基本とし、Yahoo!固有の調整を加える
・レスポンシブ検索広告を優先的に活用

【2. SNS広告運用ルール】

2.1 Instagram広告
・月次予算上限：300万円
・クリエイティブ要件：
  - 画像広告：1080×1080px以上、テキスト占有率20%以下
  - 動画広告：15秒以内推奨、冒頭3秒で訴求ポイントを明示
  - ストーリーズ広告：縦型フルスクリーン（1080×1920px）
・ターゲティング：
  - 年齢層：25-54歳をコアターゲット
  - 興味関心：食品、料理、健康、ライフスタイル
  - カスタムオーディエンス：購買履歴データを活用
  - 類似オーディエンス：優良顧客の類似ユーザーへ拡張

2.2 LINE広告
・月次予算上限：400万円
・友だち追加広告とメッセージ配信広告を併用
・クーポン連動型広告を重点展開

【3. バナー広告・ディスプレイ広告】

3.1 配信面の選定基準
・ブランドセーフティを最優先（ニュースサイト、レシピサイト等を優先配信面とする）
・アダルト、ギャンブル、政治関連サイトへの配信は厳禁
・配信面の週次モニタリングを実施

3.2 クリエイティブ運用
・バナーサイズ：300×250、728×90、160×600を標準セットとする
・クリエイティブは2週間ごとにA/Bテストを実施
・季節ビジュアルは1ヶ月前に制作開始

【4. 効果測定と報告】
・週次レポート：インプレッション、クリック数、CTR、CPC、CVR、CPA
・月次レポート：ROAS、LTV貢献度、ブランドリフト調査結果
・四半期レビュー：戦略見直し、予算配分の最適化",ガイドライン,マーケティング部,2024-07-01 10:00:00.000,2024-12-20 16:00:00.000,1.0
DOC033,SNSマーケティング運用規定,"【SNSマーケティング運用規定】

【文書ID】MKT-SNS-2024-01
【作成部署】スノーリテール マーケティング部
【機密区分】全社共有
【施行日】2024-06-01

【1. 公式アカウント運用体制】

1.1 アカウント一覧と担当
・X（旧Twitter）：@snowretail_jp（フォロワー約12万人）- マーケティング部SNSチーム
・Instagram：@snowretail_official（フォロワー約8万人）- マーケティング部SNSチーム
・LINE公式アカウント：スノーリテール（友だち数約45万人）- マーケティング部CRMチーム
・YouTube：スノーリテール公式チャンネル（登録者約2万人）- マーケティング部コンテンツチーム

1.2 投稿承認フロー
・通常投稿：担当者作成 → チームリーダー確認 → 投稿（当日中）
・キャンペーン投稿：担当者作成 → チームリーダー確認 → 部長承認 → 投稿（3営業日前まで）
・緊急投稿（リコール、災害等）：広報部と協議の上、役員承認 → 即時投稿

【2. 投稿ルール】

2.1 共通ルール
・投稿頻度：X は1日2-3回、Instagramは1日1回、LINEは週2-3回
・投稿時間帯：平日 7:00-8:00、12:00-13:00、18:00-21:00 を推奨
・ハッシュタグ：#スノーリテール は必須、関連タグは最大10個まで
・禁止事項：
  - 政治・宗教に関する言及
  - 競合他社への批判的言及
  - 未発表商品・価格情報の漏洩
  - 個人的な意見や感情的な表現
  - 著作権・肖像権を侵害するコンテンツ

2.2 プラットフォーム別ルール
・X：リプライへの対応は原則2時間以内、DMは当日中に返信
・Instagram：コメントへの「いいね」は全件、返信は質問・クレームに限定
・LINE：自動応答メッセージの定期見直し（月1回）、リッチメニューは季節ごとに更新

【3. 炎上対策】

3.1 炎上リスクの分類
・レベル1（注意）：ネガティブコメントが10件以上/1時間
・レベル2（警戒）：まとめサイトやニュースメディアに取り上げられた場合
・レベル3（危機）：テレビ報道やトレンド入りした場合

3.2 対応フロー
・レベル1：SNSチームリーダーに報告、投稿の一時停止を検討
・レベル2：マーケティング部長・広報部に報告、公式声明文の準備
・レベル3：危機管理委員会を招集、全SNS投稿を停止、公式声明を発表

3.3 事後対応
・炎上原因の分析レポート作成（1週間以内）
・再発防止策の策定と全社共有
・該当投稿の削除判断（削除は逆効果になる場合もあるため慎重に判断）

【4. UGC（ユーザー生成コンテンツ）活用】
・リポスト・シェアする場合は必ず投稿者の許諾を取得
・キャンペーン応募作品の二次利用は規約に明記
・ネガティブなUGCへの対応は個別判断（SNSチームリーダー承認）",ガイドライン,マーケティング部,2024-06-01 09:00:00.000,2025-02-10 11:00:00.000,2.0
DOC034,オムニチャネル戦略ガイド,"【オムニチャネル戦略ガイド】

【文書ID】EC-OMNI-2024-01
【作成部署】スノーリテール EC事業部
【機密区分】管理職以上共有
【施行日】2024-09-01

【1. オムニチャネル戦略の基本方針】

スノーリテールは「いつでも、どこでも、お客様の望む方法で」をコンセプトに、実店舗とECサイトをシームレスに連携させ、顧客体験の最大化を図ります。

1.1 目標指標
・オムニチャネル顧客比率：全会員の40%（現状28%）
・クリック＆コレクト利用率：EC注文の25%（現状12%）
・アプリ経由注文比率：EC売上の50%（現状35%）
・顧客LTV：オムニチャネル顧客はシングルチャネル顧客比1.8倍を目標

【2. クリック＆コレクト（店舗受取サービス）】

2.1 対象店舗と運用
・対象：全国120店舗（2024年度末までに全180店舗に拡大予定）
・受取可能時間：店舗営業時間内（受取専用カウンター設置店は+1時間延長）
・注文から受取準備完了まで：最短2時間（生鮮食品は最短4時間）

2.2 店舗側オペレーション
1. EC注文通知の受信（店舗タブレット端末にプッシュ通知）
2. ピッキング作業（専用カートを使用、生鮮食品は品質チェック必須）
3. 梱包・保管（常温/冷蔵/冷凍の温度帯別に管理）
4. 受取準備完了通知の送信（顧客アプリにプッシュ通知）
5. 来店時の本人確認（アプリの注文バーコード提示）
6. 商品引渡し・レシート発行

2.3 注意事項
・受取期限：準備完了通知から48時間以内（生鮮食品は当日中）
・期限超過の場合：自動キャンセル、決済取消処理を実施
・代理受取：本人確認が必要（注文者の身分証コピーまたは委任状）

【3. 在庫の相互活用】

3.1 統合在庫管理
・全店舗在庫をリアルタイムで一元管理（在庫管理システム「SnowStock」）
・EC注文時に最寄り店舗の在庫を自動引当（配送コスト最適化）
・店舗間の在庫移動は週2回の定期便に加え、緊急移動も対応

3.2 店舗出荷（Ship from Store）
・EC注文を最寄りの在庫保有店舗から直接出荷する仕組み
・対象店舗：都市部の大型店舗30店舗（順次拡大）
・出荷作業手当：1件あたり150円を店舗評価に加算

【4. 顧客ID統合とパーソナライゼーション】
・スノーリテール会員ID、ECアカウント、アプリIDを統合管理
・購買履歴（店舗+EC）を統合し、パーソナライズドレコメンドを提供
・店舗来店時にアプリでパーソナルクーポンをプッシュ配信
・年間購買金額に基づくロイヤルティプログラム（ブロンズ/シルバー/ゴールド/プラチナ）",ガイドライン,EC事業部,2024-09-01 10:00:00.000,2025-02-28 15:00:00.000,1.0
DOC035,デジタルサイネージ運用マニュアル,"【デジタルサイネージ運用マニュアル】

【文書ID】STORE-DS-2024-01
【作成部署】スノーリテール 店舗運営部
【機密区分】店舗責任者以上共有
【施行日】2024-08-01

【1. 設置場所と機器仕様】

1.1 設置場所別の用途
・入口正面（55インチ×1台）：本日のおすすめ、タイムセール情報
・生鮮売場上部（43インチ×2台）：産地情報、レシピ動画
・レジ前（32インチ×1台）：ポイントキャンペーン、アプリダウンロード促進
・エレベーター横（43インチ×1台）：フロアガイド、催事情報

1.2 機器管理
・電源ON/OFF：店舗営業時間に連動（自動制御）
・故障時の連絡先：情報システム部ヘルプデスク（内線8800）
・清掃：週1回、専用クリーナーで画面を拭く（水拭き厳禁）

【2. コンテンツ更新手順】

2.1 更新スケジュール
・日次更新（毎朝8:00自動配信）：当日のタイムセール、おすすめ商品
・週次更新（毎週月曜）：週間特売情報、新商品案内
・月次更新（毎月25日）：翌月の催事・イベント情報
・臨時更新：天候急変時の関連商品訴求、緊急告知

2.2 コンテンツ管理システム（CMS）操作
1. サイネージCMS（https://signage.snowretail.internal）にログイン
2. 「コンテンツ管理」→「新規作成」を選択
3. テンプレートを選択（商品訴求型、イベント告知型、動画型など）
4. 素材をアップロード（画像：1920×1080px、動画：MP4形式、最大30秒）
5. 配信スケジュール（開始日時、終了日時、配信店舗）を設定
6. プレビューで確認後、承認者（店長またはエリアマネージャー）に申請
7. 承認後、指定日時に自動配信

2.3 コンテンツ制作ガイドライン
・文字サイズ：タイトル80pt以上、本文40pt以上（遠距離からの視認性確保）
・配色：スノーリテールブランドカラー（白×青×水色）を基調とする
・アニメーション：画面切替は5秒間隔、過度な動きは避ける
・音声：原則なし（BGMが必要な場合は店長承認、音量は最小限）

【3. 緊急時の対応】
・災害発生時：自動的に避難誘導画面に切替（防災システム連動）
・システム障害時：手動で電源OFFにし、紙のPOPで代替
・不適切なコンテンツ配信時：CMS管理画面から即時停止、店舗運営部に報告",マニュアル,店舗運営部,2024-08-01 09:00:00.000,2024-11-30 13:00:00.000,1.0
DOC036,ハラスメント防止規定,"【ハラスメント防止規定】

【文書ID】HR-HARASS-2024-01
【作成部署】スノーリテール 人事部
【機密区分】全社必読
【施行日】2024-04-01

【1. 目的と適用範囲】

本規定は、スノーリテールにおける全ての従業員（正社員、契約社員、パート・アルバイト、派遣社員）が、ハラスメントのない健全な職場環境で働くことを保障するために制定します。取引先、顧客との関係においても本規定の精神を適用します。

【2. ハラスメントの定義】

2.1 セクシュアルハラスメント（セクハラ）
・性的な言動により相手に不快感を与える行為
・具体例：
  - 性的な冗談、からかい、噂話
  - 不必要な身体的接触
  - 食事やデートへの執拗な誘い
  - 性的な画像・動画の送付や掲示
  - 容姿や体型についての不適切な発言

2.2 パワーハラスメント（パワハラ）
・職務上の地位や人間関係の優位性を利用した、業務上必要かつ相当な範囲を超えた言動
・具体例：
  - 大声での叱責、人格を否定する発言
  - 過大な業務の押し付け、達成不可能なノルマの設定
  - 業務に必要な情報や機会の意図的な排除
  - 長時間にわたる執拗な叱責
  - 私生活への過度な干渉

2.3 マタニティハラスメント（マタハラ）
・妊娠、出産、育児に関する制度利用を理由とした不利益な取扱いや嫌がらせ
・具体例：
  - 妊娠を理由とした退職の強要・示唆
  - 育児休業取得者への不利益な人事評価
  - 時短勤務者への嫌がらせや業務上の不利益
  - 「迷惑」「休むなら辞めろ」等の発言

【3. 相談窓口】

3.1 社内相談窓口
・人事部ハラスメント相談室：内線7700（平日9:00-18:00）
・メール相談：harassment@snowretail.co.jp（24時間受付）
・相談対応者：人事部所属の専門研修修了者（男女各2名）

3.2 外部相談窓口
・委託先：○○法律事務所ハラスメント相談ダイヤル
・電話番号：0120-XXX-XXX（平日9:00-21:00、土曜9:00-17:00）
・匿名での相談も可能

【4. 調査と処分】

4.1 調査プロセス
1. 相談受付・事実確認の開始（5営業日以内）
2. 当事者双方へのヒアリング（個別に実施）
3. 第三者へのヒアリング（必要に応じて）
4. 調査委員会による事実認定
5. 処分の決定と通知

4.2 処分基準
・厳重注意、戒告、減給、出勤停止、降格、諭旨解雇、懲戒解雇
・処分の程度は行為の悪質性、反復性、被害の程度を総合的に判断

【5. 通報者・相談者の保護】
・通報・相談を理由とした不利益な取扱いは一切行わない
・通報者の匿名性は厳格に保護
・報復行為が認められた場合は厳正に処分",規定,人事部,2024-04-01 09:00:00.000,2024-04-01 09:00:00.000,1.0
DOC037,労務管理規定,"【労務管理規定】

【文書ID】HR-LABOR-2024-01
【作成部署】スノーリテール 人事部
【機密区分】全社共有
【施行日】2024-04-01

【1. 勤怠管理】

1.1 出退勤の記録
・全従業員はICカードまたは生体認証により出退勤を記録すること
・出勤打刻は始業時刻の30分前から可能
・退勤打刻は実際の業務終了時刻に行うこと（打刻忘れは当日中に上長へ報告）
・直行直帰の場合はスマートフォンアプリから打刻可能

1.2 勤務時間
・所定労働時間：1日8時間、週40時間
・店舗スタッフ：シフト制（早番 7:00-16:00、中番 10:00-19:00、遅番 13:00-22:00）
・本社スタッフ：フレックスタイム制（コアタイム 10:00-15:00）
・休憩時間：6時間超勤務で45分、8時間超勤務で60分

【2. 残業申請】

2.1 事前申請の原則
・残業は原則として事前申請・上長承認制とする
・申請方法：勤怠管理システムから「残業申請」を提出
・申請期限：残業予定日の前日17:00まで（緊急の場合は当日申請可、翌日に理由書提出）

2.2 残業上限
・月間残業上限：45時間（36協定に基づく）
・年間残業上限：360時間
・月間30時間超の場合：部長への事前報告と改善計画の提出が必要
・月間45時間超の場合：人事部との面談実施、産業医面談の案内

2.3 深夜勤務・休日出勤
・深夜勤務（22:00-5:00）：部長承認必須、月4回まで
・休日出勤：部長承認必須、代休を2週間以内に取得すること

【3. 有給休暇】

3.1 付与日数
・入社6ヶ月経過後：10日
・以降1年ごとに加算：11日、12日、14日、16日、18日、20日（上限）
・半日単位の取得可（午前半休：始業~12:30、午後半休：13:30~終業）
・時間単位の取得可（年間5日分まで、1時間単位）

3.2 申請手順
・申請は原則として3営業日前までに勤怠管理システムから提出
・繁忙期（年末年始、GW、お盆）は2週間前までに申請
・年次有給休暇の計画的付与：年間5日以上の取得を義務化

【4. シフト管理】

4.1 シフト作成ルール
・翌月のシフトは前月20日までに確定・公開
・シフト希望の提出期限：前月10日
・連続勤務は最大6日まで（7日目は必ず休日とすること）
・クローズ→オープンのシフト（遅番翌日の早番）は原則禁止

4.2 シフト変更
・変更希望は3日前までに店長に申請
・急な欠勤の場合：始業2時間前までに店長に電話連絡（メール・LINE不可）
・代替要員の確保は店長が責任を持って対応",規定,人事部,2024-04-01 09:00:00.000,2025-01-10 10:00:00.000,2.0
DOC038,個人情報保護方針,"【個人情報保護方針】

【文書ID】SEC-PRIVACY-2024-01
【作成部署】スノーリテール 情報セキュリティ部
【機密区分】全社必読
【施行日】2024-05-01

【1. 基本方針】

スノーリテール株式会社は、お客様、従業員、取引先等の個人情報を適切に保護することが社会的責任であると認識し、以下の方針に基づき個人情報の保護に努めます。

【2. 収集する個人情報の範囲】

2.1 顧客情報
・会員登録情報：氏名、住所、電話番号、メールアドレス、生年月日、性別
・購買履歴：購入商品、購入日時、購入金額、利用店舗
・ポイント情報：ポイント残高、利用履歴、有効期限
・EC利用情報：配送先住所、決済情報（カード番号はトークン化して保存）
・アプリ利用情報：位置情報（同意取得済みの場合のみ）、閲覧履歴、プッシュ通知設定

2.2 従業員情報
・人事情報：氏名、住所、連絡先、家族構成、学歴、職歴、マイナンバー
・勤怠情報：出退勤記録、残業時間、有給休暇取得状況
・給与情報：給与額、振込先口座、社会保険、税務関連情報

【3. 個人情報の利用目的】

3.1 顧客情報の利用目的
・商品の販売およびサービスの提供
・会員サービスの運営（ポイントプログラム、クーポン配信）
・商品・サービスに関するご案内（メール、DM、アプリ通知）
・マーケティング分析（購買傾向分析、顧客セグメンテーション）
・商品開発・改善のための統計的分析（個人を特定しない形式）
・お問い合わせ、返品・交換等への対応

3.2 利用目的の変更
・利用目的を変更する場合は、変更前の目的と関連性を有する範囲で行う
・変更時はWebサイトおよびアプリで通知し、必要に応じて再同意を取得

【4. 第三者提供の制限】
・原則として本人の同意なく第三者に個人情報を提供しない
・例外：法令に基づく場合、人の生命・財産の保護に必要な場合、委託先への提供
・委託先には当社と同等の個人情報保護措置を義務付け

【5. データ保持期間】
・会員情報：退会後3年で削除
・購買履歴：最終購入日から5年で削除
・EC決済情報：取引完了後7年（法定保存期間）
・問い合わせ記録：対応完了後3年で削除
・従業員情報：退職後10年（法定保存義務に基づく）

【6. 安全管理措置】
・組織的措置：個人情報保護管理者の設置、定期監査の実施
・人的措置：全従業員への年1回の教育実施、守秘義務契約の締結
・物理的措置：入退室管理、書類の施錠保管、シュレッダーでの廃棄
・技術的措置：アクセス制御、暗号化、ファイアウォール、ウイルス対策",方針書,情報セキュリティ部,2024-05-01 09:00:00.000,2025-03-01 10:00:00.000,3.0
DOC039,内部通報制度運用規定,"【内部通報制度運用規定】

【文書ID】GA-WHISTLE-2024-01
【作成部署】スノーリテール 総務部
【機密区分】全社必読
【施行日】2024-04-01

【1. 制度の目的】

本規定は、スノーリテールにおける法令違反、社内規定違反、不正行為等を早期に発見し、是正するための内部通報制度について定めます。公益通報者保護法の趣旨に則り、通報者が安心して通報できる環境を整備します。

【2. 通報対象事項】

以下の行為を発見した場合、または合理的な根拠をもって疑われる場合に通報できます。
・法令違反行為（食品衛生法違反、労働基準法違反、独占禁止法違反等）
・会計不正（架空取引、水増し請求、横領、キックバック）
・ハラスメント行為（セクハラ、パワハラ、マタハラ等）
・情報漏洩（顧客情報、営業秘密の不正な持出し・提供）
・品質偽装（産地偽装、消費期限の改ざん、検査データの捏造）
・安全管理上の問題（衛生管理の不備、設備の安全基準違反）
・その他、社内規定に違反する行為

【3. 通報窓口】

3.1 社内通報窓口
・総務部コンプライアンス室：内線7500
・メール：compliance@snowretail.co.jp
・専用Web通報フォーム：https://compliance.snowretail.internal
・書面：本社総務部コンプライアンス室宛（封筒に「親展」と記載）

3.2 社外通報窓口（外部委託）
・委託先：△△法律事務所 内部通報相談窓口
・電話：0120-XXX-XXX（平日9:00-20:00）
・匿名通報可能

3.3 通報に必要な情報
・通報者の氏名・連絡先（匿名も可、ただし調査に限界が生じる場合あり）
・対象となる行為の概要（いつ、どこで、誰が、何をしたか）
・証拠資料（あれば添付）

【4. 調査プロセス】

4.1 初動対応
1. 通報受付の確認連絡（3営業日以内）
2. 通報内容の精査と調査要否の判断（5営業日以内）
3. 調査チームの編成（通報対象者と利害関係のない者で構成）

4.2 調査の実施
・関係者へのヒアリング（原則として通報者の情報は開示しない）
・関連資料・データの収集と分析
・必要に応じて外部専門家（弁護士、公認会計士等）の協力を得る
・調査期間の目安：30営業日以内（複雑な案件は延長の可能性あり）

4.3 調査結果の報告
・調査報告書の作成と経営層への報告
・通報者への調査結果のフィードバック（匿名通報の場合を除く）
・是正措置の実施と再発防止策の策定

【5. 通報者の保護】
・通報を理由とした解雇、降格、減給、配置転換等の不利益取扱いを禁止
・通報者の氏名・所属等の秘密は厳格に保護
・報復行為者には懲戒処分を科す
・通報が悪意に基づくものでない限り、通報内容が結果的に事実でなくても不利益取扱いはしない",規定,総務部,2024-04-01 09:00:00.000,2024-04-01 09:00:00.000,1.0
DOC040,反社会的勢力排除方針,"【反社会的勢力排除方針】

【文書ID】GA-ANTISOCIAL-2024-01
【作成部署】スノーリテール 総務部
【機密区分】管理職以上必読
【施行日】2024-04-01

【1. 基本方針】

スノーリテール株式会社は、社会の秩序や安全に脅威を与える反社会的勢力との一切の関係を遮断し、毅然とした態度で対応することを基本方針とします。

1.1 基本原則
・反社会的勢力との取引関係を含む一切の関係を持たない
・反社会的勢力による不当要求に対しては、毅然として対応する
・反社会的勢力への資金提供は行わない
・対応に際しては、警察、弁護士等の外部専門機関と連携する
・全従業員に対し、反社会的勢力排除に関する教育を定期的に実施する

【2. 反社会的勢力の定義】

以下に該当する個人・法人・団体を反社会的勢力と定義します。
・暴力団、暴力団員、暴力団準構成員
・暴力団関係企業
・総会屋等、社会運動標ぼうゴロ、特殊知能暴力集団
・その他これらに準ずる者
・上記の者と密接な関係を有する者

【3. 取引先チェック体制】

3.1 新規取引開始時のチェック
・全ての新規取引先に対し、反社チェックを実施（取引開始前に完了すること）
・チェック方法：
  1. 商業登記簿の確認（役員構成、所在地）
  2. 反社データベース照会（外部調査機関のデータベースを利用）
  3. インターネット・新聞記事等による風評調査
  4. 必要に応じて信用調査会社への調査依頼

3.2 既存取引先の定期チェック
・年1回の定期チェック（毎年4月に実施）
・チェック対象：全取引先（取引金額に関わらず）
・異常が検知された場合：総務部コンプライアンス室に即時報告

3.3 契約書への排除条項
・全ての取引契約に反社会的勢力排除条項（暴排条項）を挿入
・条項内容：表明保証、契約解除権、損害賠償請求権

【4. 不当要求への対応】

4.1 対応の基本
・単独で対応せず、必ず複数人で対応
・相手の要求内容、氏名、所属を正確に記録
・安易に金銭の支払いや便宜供与を約束しない
・即答を避け、「検討して回答する」と伝える

4.2 エスカレーション
1. 不当要求を受けた場合：直ちに上長および総務部コンプライアンス室に報告
2. 総務部が顧問弁護士に相談、対応方針を決定
3. 必要に応じて警察への相談・届出
4. 対応記録を作成し、総務部で一元管理

【5. 教育・研修】
・全従業員対象の年1回研修（eラーニング形式）
・管理職向けの実践的ケーススタディ研修（年1回、集合形式）
・新入社員研修での反社排除教育の実施",方針書,総務部,2024-04-01 09:00:00.000,2024-04-01 09:00:00.000,1.0
DOC041,システム障害対応手順書,"【システム障害対応手順書】

【文書ID】IT-INCIDENT-2024-01
【作成部署】スノーリテール 情報システム部
【機密区分】IT部門・店舗責任者共有
【施行日】2024-06-01

【1. 障害レベルの定義】

レベル1（軽微）：単一店舗の一部機能に影響、業務継続可能
  例：1台のPOS端末の不具合、店舗Wi-Fiの一時的な速度低下
レベル2（中度）：複数店舗または基幹システムの一部に影響
  例：特定地域のPOS決済遅延、ECサイトの一部機能停止
レベル3（重大）：全店舗またはECサイト全体に影響、業務停止リスク
  例：基幹システムダウン、全店POS停止、ECサイト全面停止
レベル4（危機）：顧客情報漏洩、長時間の全面サービス停止
  例：サイバー攻撃による情報流出、データセンター障害

【2. 障害検知】

2.1 自動監視
・Zabbixによるサーバー・ネットワーク監視（24時間365日）
・アプリケーション性能監視（APMツール）によるレスポンス監視
・異常検知時は自動アラート発報（メール、Slack、PagerDuty）

2.2 手動検知
・店舗スタッフからの障害報告：ITヘルプデスク（内線8800）
・顧客からの問い合わせ：カスタマーサービス → IT部門へエスカレーション

【3. エスカレーションフロー】

3.1 レベル1
1. ITヘルプデスクが受付、リモートで一次対応
2. 解決できない場合：担当チームに引継ぎ
3. 対応目標：受付から2時間以内に解決

3.2 レベル2
1. ITヘルプデスクが受付、障害管理チケットを起票
2. 担当チームリーダーに即時通知
3. 情報システム部長に30分以内に報告
4. 対応目標：受付から4時間以内に解決

3.3 レベル3
1. 障害対策本部を設置（情報システム部長が本部長）
2. CTO・関連部門長に即時通知
3. 全社緊急連絡網で店舗責任者に状況共有
4. 対応目標：受付から1時間以内に暫定復旧

3.4 レベル4
1. 経営危機対策本部を設置（社長が本部長）
2. 全役員に即時通知
3. 外部セキュリティ専門家の招集
4. 広報部による対外コミュニケーション準備

【4. 復旧手順の基本】

4.1 初動対応
1. 影響範囲の特定（どのシステム、どの店舗、何名の顧客に影響）
2. 原因の初期分析（ログ確認、直近の変更確認）
3. 暫定対応の実施（切り戻し、フェイルオーバー、手動運用への切替）

4.2 本格復旧
1. 根本原因の特定と恒久対策の実施
2. 復旧確認テスト
3. 段階的なサービス再開（影響の少ない範囲から順次）
4. 全面復旧宣言

【5. 事後報告】
・障害報告書の作成（レベル2以上は必須、5営業日以内）
・記載内容：発生日時、検知方法、影響範囲、原因、対応内容、再発防止策
・月次の障害振り返り会議で全件レビュー",マニュアル,情報システム部,2024-06-01 09:00:00.000,2025-01-20 11:00:00.000,2.0
DOC042,POS端末トラブルシューティングガイド,"【POS端末トラブルシューティングガイド】

【文書ID】IT-POS-TSG-2024-01
【作成部署】スノーリテール 情報システム部
【機密区分】店舗スタッフ共有
【施行日】2024-07-01

【1. はじめに】

本ガイドは、店舗で発生するPOS端末の一般的なトラブルについて、店舗スタッフが一次対応できるよう作成したものです。本ガイドで解決しない場合は、ITヘルプデスク（内線8800）に連絡してください。

【2. よくあるエラーコードと対処法】

2.1 エラーコード E001：カードリーダー読取エラー
・原因：ICカードの接触不良、カードリーダーの汚れ
・対処法：
  1. お客様にカードの再挿入をお願いする
  2. カードリーダーの接点を専用クリーニングカードで清掃
  3. 別の決済手段（タッチ決済、QRコード決済）への切替を案内
  4. 解決しない場合：隣のレジに案内し、ITヘルプデスクに連絡

2.2 エラーコード E002：通信タイムアウト
・原因：ネットワーク接続の不安定、決済センターの応答遅延
・対処法：
  1. 30秒待って再度決済処理を実行
  2. POS端末のネットワーク接続状況を確認（画面右上のアイコン）
  3. ネットワーク未接続の場合：LANケーブルの抜き差し
  4. 5分以上復旧しない場合：オフライン決済モードに切替（店長承認必要）

2.3 エラーコード E003：バーコード読取不可
・原因：バーコードの印刷不良、スキャナーの汚れ、商品マスタ未登録
・対処法：
  1. バーコードの状態を目視確認（汚れ、破れ、折れがないか）
  2. 手動でバーコード番号を入力（数字キーで入力後エンター）
  3. 商品マスタ未登録の場合：PLU検索で商品名から検索
  4. 該当商品が見つからない場合：店長に連絡し、臨時コードで登録

2.4 エラーコード E004：レシートプリンター用紙切れ
・対処法：
  1. プリンターカバーを開けるレバーを引く
  2. 新しいレシートロールをセット（印字面が表になるよう注意）
  3. カバーを閉じ、用紙がまっすぐ出てくることを確認
  4. テスト印字を実行（メニュー → 設定 → プリンターテスト）

2.5 エラーコード E005：釣銭機エラー
・原因：硬貨詰まり、紙幣詰まり、釣銭不足
・対処法：
  1. エラーメッセージの詳細を確認
  2. 硬貨詰まり：釣銭機のカバーを開け、詰まった硬貨を除去
  3. 紙幣詰まり：紙幣投入口をゆっくり引き出し、紙幣を取り除く
  4. 釣銭不足：店長に連絡し、釣銭補充を依頼

2.6 エラーコード E010：POS端末フリーズ
・対処法：
  1. 30秒間操作せず待機（処理中の可能性あり）
  2. 復旧しない場合：電源ボタンを10秒長押しで強制再起動
  3. 再起動後、未完了の取引がないか確認（取引履歴画面で確認）
  4. 頻繁に発生する場合：ITヘルプデスクに連絡、端末交換を依頼

【3. 定期メンテナンス】
・毎日の閉店作業時：画面の清掃、バーコードスキャナーのレンズ清掃
・週1回：カードリーダーのクリーニングカード通し
・月1回：釣銭機の清掃、ソフトウェアアップデートの確認（自動更新）",マニュアル,情報システム部,2024-07-01 09:00:00.000,2025-02-15 14:00:00.000,1.0
DOC043,情報セキュリティ教育資料,"【情報セキュリティ教育資料】

【文書ID】SEC-EDU-2024-01
【作成部署】スノーリテール 情報セキュリティ部
【機密区分】全社必読
【施行日】2024-05-01

【1. はじめに】

情報セキュリティは、お客様の信頼を守り、企業の事業継続を確保するための最重要課題です。一人ひとりの意識と行動が、会社全体のセキュリティレベルを左右します。本資料は全従業員が年1回必ず受講する情報セキュリティ教育の教材です。

【2. フィッシング対策】

2.1 フィッシングメールの見分け方
・送信元アドレスの確認：正規ドメイン（@snowretail.co.jp）以外からの社内連絡は疑う
・緊急性を煽る文面に注意：「アカウントが停止されます」「至急対応してください」
・URLの確認：リンクにマウスを合わせて実際のURLを確認（クリック前に必ず確認）
・添付ファイルへの注意：心当たりのない添付ファイルは開かない（特に.exe、.zip、.js）

2.2 フィッシングメールを受け取った場合
1. 絶対にリンクをクリックしない、添付ファイルを開かない
2. メールを転送で情報セキュリティ部に報告（security@snowretail.co.jp）
3. 万が一クリックしてしまった場合：即座にネットワークから切断し、情報セキュリティ部に電話連絡

【3. パスワード管理】

3.1 パスワードポリシー
・最低12文字以上
・英大文字、英小文字、数字、記号のうち3種類以上を含む
・90日ごとにパスワードを変更（システムが自動的に変更を要求）
・過去5回分と同じパスワードは使用不可
・社内システムごとに異なるパスワードを設定

3.2 禁止事項
・パスワードの付箋紙への記載（モニター周辺、デスク上への貼付は厳禁）
・パスワードのメール・チャットでの送信
・他人へのパスワードの貸与
・推測されやすいパスワード（生年月日、名前、連続数字、「password」等）

3.3 二要素認証（2FA）
・社内システムへのログインには二要素認証を必須とする
・認証アプリ（Google Authenticator等）またはSMS認証を利用
・認証デバイスの紛失時は即座にITヘルプデスクに連絡

【4. USB・外部デバイスの取扱い】

4.1 持込み制限
・私物USBメモリ、外付けHDDの社内PCへの接続は原則禁止
・業務上必要な場合：情報セキュリティ部が貸与する暗号化USBメモリを使用
・スマートフォンの社内PCへのUSB接続は充電目的も含め禁止

4.2 データの持出し
・社外への業務データ持出しは事前申請制（上長および情報セキュリティ部の承認）
・持出しが認められたデータは必ず暗号化
・持出し記録の管理と、持出し後のデータ削除確認

【5. インシデント発生時の対応】
・セキュリティインシデント（不審メール、ウイルス感染、情報漏洩等）を発見した場合
  1. 被害の拡大を防止（ネットワーク切断、端末の使用中止）
  2. 情報セキュリティ部に即時連絡（内線8801、24時間対応）
  3. 発見した状況を正確に記録（時刻、操作内容、画面の状態）
  4. 独自の判断で復旧作業を行わない（証拠の保全が重要）",マニュアル,情報セキュリティ部,2024-05-01 09:00:00.000,2025-03-01 09:00:00.000,3.0
DOC044,バックアップ・災害復旧計画,"【バックアップ・災害復旧計画】

【文書ID】IT-DR-2024-01
【作成部署】スノーリテール 情報システム部
【機密区分】IT部門・経営層共有
【施行日】2024-08-01

【1. 目的と適用範囲】

本計画は、自然災害、システム障害、サイバー攻撃等の緊急事態において、スノーリテールの情報システムを迅速に復旧し、事業継続を確保するために策定します。

対象システム：
・基幹業務システム（販売管理、在庫管理、会計）
・POS・決済システム
・ECサイト（Webサーバー、DBサーバー、CDN）
・会員管理システム（ポイント、CRM）
・社内情報システム（メール、グループウェア、ファイルサーバー）

【2. RTO・RPOの設定】

2.1 システム別の目標値
・基幹業務システム：RTO=4時間、RPO=1時間
・POS・決済システム：RTO=1時間、RPO=0（リアルタイム同期）
・ECサイト：RTO=2時間、RPO=15分
・会員管理システム：RTO=4時間、RPO=1時間
・社内情報システム：RTO=8時間、RPO=4時間

（RTO＝目標復旧時間、RPO＝目標復旧時点）

【3. バックアップ方針】

3.1 バックアップスケジュール
・フルバックアップ：毎週日曜日02:00（全システム）
・差分バックアップ：毎日02:00（月～土）
・トランザクションログバックアップ：15分間隔（基幹・POS・EC）
・リアルタイムレプリケーション：POS決済データ、EC決済データ

3.2 バックアップの保存先
・一次保存：データセンター内のバックアップストレージ（保持期間30日）
・二次保存：クラウドストレージ（AWS S3、保持期間90日）
・三次保存：遠隔地テープバックアップ（保持期間1年、毎月フルバックアップ）

3.3 バックアップの検証
・月次リストアテスト：毎月第1月曜日に無作為に選定したデータのリストアを実施
・四半期総合テスト：全システムを対象とした災害復旧訓練

【4. 災害復旧手順】

4.1 初動対応（発生から1時間以内）
1. 災害対策本部の設置と安否確認
2. 被害状況の確認（データセンター、ネットワーク、各店舗）
3. 復旧優先順位の決定（POS→EC→基幹→社内システム）

4.2 システム復旧（優先順位に従い実施）
1. DRサイト（大阪データセンター）へのフェイルオーバー実行
2. ネットワーク経路の切替
3. データの整合性確認
4. 段階的なサービス再開と動作確認
5. 全面復旧後の監視強化（72時間）

4.3 復帰手順（平常運用への復帰）
1. プライマリサイト（東京データセンター）の復旧確認
2. データの同期と整合性確認
3. 計画的なフェイルバック実施（深夜帯、事前告知あり）
4. DRサイトの待機状態への復帰

【5. 年次訓練】
・毎年9月に全社DR訓練を実施（防災の日に合わせて）
・訓練シナリオ：大規模地震、サイバー攻撃、データセンター火災
・訓練結果を評価し、計画の見直しに反映",マニュアル,情報システム部,2024-08-01 09:00:00.000,2025-02-01 16:00:00.000,1.0
DOC045,予算管理マニュアル,"【予算管理マニュアル】

【文書ID】FIN-BUDGET-2024-01
【作成部署】スノーリテール 経理部
【機密区分】管理職以上共有
【施行日】2024-04-01

【1. 予算管理の基本方針】

スノーリテールの予算管理は、経営計画の達成に向けた資源の最適配分と、各部門の自律的な経営管理を目的とします。PDCAサイクルを回し、計画と実績の差異を適時に把握・対応することで、収益の最大化を図ります。

【2. 予算策定プロセス】

2.1 年度予算の策定スケジュール
・10月：経営企画部より次年度の経営方針・予算編成方針を通達
・11月上旬：各部門が予算原案を作成（部門別売上、経費、投資計画）
・11月下旬：経理部にて全社予算の取りまとめ、整合性チェック
・12月上旬：経営会議での予算審議（1次）
・12月中旬：各部門の修正予算提出
・1月上旬：経営会議での予算審議（最終）、取締役会承認
・1月中旬：各部門に確定予算を通知
・2月：予算管理システムへの登録完了

2.2 予算の構成
・売上予算：店舗別、カテゴリ別、月別の売上目標
・売上原価予算：仕入原価、物流費、在庫評価
・販管費予算：人件費、広告宣伝費、地代家賃、減価償却費、その他経費
・設備投資予算：新規出店、改装、IT投資、設備更新
・特別予算：新規プロジェクト、緊急対応用の予備費

【3. 実績管理と差異分析】

3.1 月次決算と予実管理
・毎月5営業日目までに月次決算を締め、予実対比表を作成
・差異率が±5%以上の科目については要因分析を実施
・差異分析の視点：
  - 数量差異と単価差異の分解
  - 一時的要因と構造的要因の区別
  - 外部環境要因と内部要因の切り分け

3.2 報告体制
・月次予算会議（毎月第2週）：各部門長が予実状況を報告
・四半期レビュー：経営会議にて通期見通しの見直し
・緊急報告：月次差異率が±10%を超えた場合、速やかに経営企画部に報告

【4. 予算修正（ローリングフォーキャスト）】

4.1 修正のタイミング
・四半期ごとにローリングフォーキャスト（通期見通し）を更新
・大幅な環境変化があった場合は臨時の予算修正を実施

4.2 修正承認プロセス
・販管費の部門内振替（±10%以内）：部門長承認
・予算総額の変更（±5%以内）：管掌役員承認
・予算総額の変更（±5%超）：経営会議承認

【5. 予算管理システムの利用】
・全社統一の予算管理システム（SnowBudget）を使用
・予算データの入力・承認はシステム上で完結（ペーパーレス化）
・ダッシュボードで予実状況をリアルタイム確認可能",マニュアル,経理部,2024-04-01 09:00:00.000,2024-10-15 11:00:00.000,1.0
DOC046,棚卸手順書,"【棚卸手順書】

【文書ID】STORE-INVENTORY-2024-01
【作成部署】スノーリテール 店舗運営部
【機密区分】店舗スタッフ共有
【施行日】2024-05-01

【1. 棚卸の種類と実施時期】

1.1 定期棚卸（全品棚卸）
・実施頻度：年2回（9月末、3月末）
・実施日：月末最終営業日の閉店後～翌日開店前
・対象：店舗内の全商品（売場、バックヤード、倉庫）
・目的：帳簿在庫と実在庫の一致確認、財務諸表の正確性確保

1.2 循環棚卸（サイクルカウント）
・実施頻度：毎月（対象カテゴリをローテーション）
・スケジュール：
  - 第1週：生鮮食品（青果、精肉、鮮魚、惣菜）
  - 第2週：加工食品、飲料、菓子
  - 第3週：日用品、化粧品、医薬品
  - 第4週：衣料品、家電、その他
・目的：高頻度での在庫精度維持、ロスの早期発見

1.3 臨時棚卸
・商品の大幅な差異が発見された場合
・盗難や破損が疑われる場合
・店舗改装時

【2. 棚卸作業手順】

2.1 事前準備（棚卸日の3日前まで）
1. 棚卸責任者の任命（店長または副店長）
2. 棚卸チームの編成（2名1組を基本単位）
3. 棚卸エリアの割当て表作成
4. ハンディターミナルの動作確認・充電
5. 棚卸タグ（紙）の準備（ハンディターミナル故障時の予備）
6. バックヤード・倉庫の整理整頓

2.2 棚卸当日の作業フロー
1. 棚卸開始ミーティング（作業手順の確認、注意事項の共有）
2. 在庫の移動を停止（入荷・出荷・売場補充を一時停止）
3. カウント作業開始
   - ハンディターミナルでバーコードをスキャンし、数量を入力
   - 上段から下段、左から右へ体系的にカウント
   - カウント済みの棚には「棚卸済」タグを貼付
4. カウント結果のアップロード（ハンディターミナル → 在庫管理システム）
5. 差異リストの出力と確認
6. 差異のある商品の再カウント（ダブルチェック）
7. 棚卸完了報告

【3. 差異報告と対応】

3.1 差異の分類
・許容範囲内（金額ベースで±0.3%以内）：報告のみで処理
・許容範囲超（±0.3%超）：原因調査を実施

3.2 差異原因の調査
・入力ミス：POSでの登録ミス、入荷検品の数量ミス
・万引き：防犯カメラ映像の確認、防犯対策の見直し
・破損・廃棄：処理漏れの確認
・店舗間移動：移動伝票との照合

3.3 差異報告書
・棚卸完了後3営業日以内に差異報告書を店舗運営部に提出
・記載内容：差異商品リスト、推定原因、改善策
・ロス率が1%を超える場合：エリアマネージャーへの報告が必要",マニュアル,店舗運営部,2024-05-01 09:00:00.000,2025-03-10 10:00:00.000,2.0
DOC047,2025年度経営計画概要,"【2025年度経営計画概要】

【文書ID】MGMT-PLAN-2025-01
【作成部署】スノーリテール 経営企画部
【機密区分】全社共有（社外秘）
【策定日】2025-01-15

【1. 経営ビジョン】

「地域のお客様の暮らしに寄り添い、テクノロジーと人のぬくもりで新しい買い物体験を創造する」

スノーリテールは創業以来、地域密着型の小売業として成長してまいりました。2025年度は、デジタルトランスフォーメーションの加速と、サステナビリティ経営の深化を2大テーマに掲げ、更なる企業価値の向上を目指します。

【2. 2025年度 数値目標】

2.1 売上目標
・連結売上高：3,200億円（前年比104.5%）
  - 店舗売上：2,750億円（前年比102.8%）
  - EC売上：450億円（前年比115.4%）
・営業利益：160億円（営業利益率5.0%）
・経常利益：155億円

2.2 店舗計画
・新規出店：8店舗（関東3、関西2、中部2、九州1）
・改装：12店舗（大型リニューアル5店舗、部分改装7店舗）
・閉店：2店舗（不採算店舗の整理）
・2025年度末 総店舗数：186店舗

2.3 その他KPI
・会員数：500万人（前年比110%）
・アプリダウンロード数：300万件（前年比125%）
・PB商品売上比率：38%（前年比+3pt）
・従業員満足度スコア：4.0/5.0以上

【3. 重点施策】

3.1 DX推進
・AI活用の高度化：需要予測精度の向上、パーソナライズドマーケティング
・データ基盤の刷新：Snowflakeを活用した統合データプラットフォーム構築
・店舗DX：スマートカート導入（10店舗）、レジレス実験店舗（1店舗）
・EC機能強化：ライブコマース導入、AR試着機能（衣料品）

3.2 サステナビリティ経営
・CO2排出量：2030年度までに2020年度比50%削減（2025年度目標：30%削減）
・食品ロス削減：廃棄量を前年比20%削減
・プラスチック使用量：レジ袋有料化継続、PB商品パッケージの紙化推進
・再生可能エネルギー：全店舗の電力の30%を再エネに切替

3.3 人材戦略
・DX人材の採用・育成：年間50名のデジタル人材採用、全社員向けデータリテラシー研修
・ダイバーシティ推進：女性管理職比率30%達成、障がい者雇用率3.0%
・働き方改革：本社フレックスタイム制の拡充、リモートワーク制度の恒常化
・待遇改善：ベースアップ3%、店舗スタッフの処遇改善

【4. 投資計画】
・設備投資総額：120億円
  - 新規出店：50億円
  - 改装：20億円
  - IT投資：35億円（データ基盤、EC、店舗DX）
  - その他：15億円",方針書,経営企画部,2025-01-15 10:00:00.000,2025-02-20 15:00:00.000,1.0
DOC048,仕入先管理ガイドライン,"【仕入先管理ガイドライン】

【文書ID】MD-SUPPLIER-2024-01
【作成部署】スノーリテール 商品部
【機密区分】商品部・品質管理部共有
【施行日】2024-06-01

【1. 目的】

本ガイドラインは、スノーリテールが取引する全ての仕入先（サプライヤー）に対し、品質、コスト、納期、コンプライアンスの観点から適切に管理・評価するための基準を定めます。

【2. サプライヤー評価基準】

2.1 新規取引先の選定基準
・品質管理体制：HACCP認証、ISO9001等の第三者認証の取得状況
・財務健全性：直近3期分の決算書を確認、自己資本比率20%以上が目安
・コンプライアンス：反社チェック済み、児童労働・強制労働の排除方針
・供給能力：当社の発注量に対する安定的な供給が可能であること
・環境配慮：環境方針の策定、ISO14001認証の取得が望ましい

2.2 定期評価（年1回、毎年10月に実施）
・評価項目（100点満点）：
  - 品質スコア（30点）：不良品率、クレーム件数、品質改善への取組み
  - 価格競争力（25点）：市場価格との比較、コストダウン提案
  - 納期遵守率（25点）：約束納期の遵守率（目標98%以上）
  - 対応力（10点）：問い合わせへの応答速度、緊急対応力
  - サステナビリティ（10点）：環境配慮、社会的責任への取組み

2.3 評価ランク
・Sランク（90点以上）：優先取引先、取引拡大を検討
・Aランク（75-89点）：継続取引、改善提案を協議
・Bランク（60-74点）：改善要請、3ヶ月以内に改善計画の提出を求める
・Cランク（60点未満）：取引見直し、改善が見られない場合は取引縮小・停止

【3. 発注基準】

3.1 発注方法
・定番商品：EDI（電子データ交換）による自動発注
・特売商品：バイヤーが個別に発注書を発行（2週間前まで）
・新商品：商談後、正式な発注書を発行

3.2 発注条件
・最低発注ロット：商品カテゴリごとに設定（商品マスタに登録）
・リードタイム：生鮮食品は前日発注・翌日納品、加工食品は3営業日
・納品場所：原則として物流センター納品（店舗直送は要個別承認）

【4. 品質監査】

4.1 定期監査
・Sランク仕入先：2年に1回
・A・Bランク仕入先：年1回
・Cランク仕入先：半年に1回

4.2 監査項目
・製造環境の衛生管理
・原材料の受入検査体制
・製造工程の品質管理（HACCP運用状況）
・トレーサビリティの確保状況
・従業員の衛生教育実施状況
・アレルゲン管理体制

【5. 問題発生時の対応】
・品質事故発生時：即時出荷停止、原因究明と再発防止策の提出を要求（5営業日以内）
・納期遅延：代替調達先の確保、遅延原因の報告と改善策の提出
・コンプライアンス違反：取引の即時停止を検討、社内コンプライアンス室に報告",ガイドライン,商品部,2024-06-01 09:00:00.000,2025-01-20 14:00:00.000,1.0
DOC049,よくある質問集（FAQ）- 従業員向け,"【よくある質問集（FAQ）- 従業員向け】

【文書ID】HR-FAQ-2024-01
【作成部署】スノーリテール 人事部
【機密区分】全社共有
【更新日】2025-02-01

【1. 福利厚生に関する質問】

Q1-1: 社員割引制度について教えてください。
A: 正社員・契約社員は全商品10%割引、パート・アルバイトは5%割引で購入できます。社員証の提示が必要です。セール商品との併用は不可です。月間購入上限は5万円（税込）です。

Q1-2: 社員食堂はありますか？
A: 本社ビルには社員食堂があり、昼食を350円から利用できます。店舗勤務者には昼食補助として月額3,000円を支給しています。

Q1-3: 健康診断の受診方法を教えてください。
A: 年1回の定期健康診断は会社負担で受診できます。35歳以上は人間ドックも選択可能です。受診時期は毎年6月-9月で、対象者には個別に案内メールが届きます。

Q1-4: 育児・介護に関する制度はありますか？
A: 育児休業は子が2歳になるまで取得可能（法定は1歳まで、当社は独自に延長）。育児短時間勤務は小学3年生まで利用可能。介護休業は最大93日、介護短時間勤務は3年間利用可能です。

Q1-5: 慶弔見舞金制度について教えてください。
A: 結婚祝金5万円、出産祝金3万円（1子につき）、弔慰金は続柄により5万円-20万円。申請は人事システムの「慶弔申請」から手続きしてください。

【2. 休暇に関する質問】

Q2-1: 有給休暇の残日数はどこで確認できますか？
A: 勤怠管理システム（SnowAttendance）にログイン後、「休暇管理」メニューから確認できます。スマートフォンアプリからも確認可能です。

Q2-2: 特別休暇にはどのようなものがありますか？
A: 結婚休暇（5日）、配偶者出産休暇（3日）、忌引休暇（続柄により1-7日）、リフレッシュ休暇（勤続5年ごとに3-5日）、ボランティア休暇（年3日）があります。

Q2-3: 有給休暇を時間単位で取得できますか？
A: はい、年間5日分（40時間分）まで1時間単位で取得可能です。通院や学校行事などにご活用ください。勤怠管理システムから申請してください。

【3. 異動・転勤に関する質問】

Q3-1: 異動の希望は出せますか？
A: 毎年2月に「自己申告書」を提出する機会があり、異動・転勤の希望を記入できます。ただし、希望が必ず通るものではありません。

Q3-2: 転勤時の手当はありますか？
A: 転勤支度金（単身10万円、家族帯同20万円）、引越費用全額会社負担、転勤先での住宅手当（上限5万円/月）が支給されます。

【4. 評価制度に関する質問】

Q4-1: 人事評価の時期と方法を教えてください。
A: 年2回（上期：4-9月、下期：10-3月）の評価を実施。目標管理（MBO）と行動評価の2軸で評価します。上期評価は10月、下期評価は4月にフィードバック面談を実施します。

Q4-2: 昇格・昇進の基準はありますか？
A: 直近2回の人事評価がA以上、所定の研修受講完了、上長の推薦が基本条件です。管理職昇格には別途アセスメント研修の合格が必要です。",FAQ,人事部,2024-08-01 09:00:00.000,2025-02-01 10:00:00.000,3.0
DOC050,店舗改装プロジェクト報告書,"【店舗改装プロジェクト報告書】

【文書ID】STORE-RENOV-SHIBUYA-2024
【作成部署】スノーリテール 店舗運営部
【機密区分】関係者共有
【作成日】2024-12-15

【1. プロジェクト概要】

1.1 対象店舗
・店舗名：スノーリテール渋谷店
・所在地：東京都渋谷区神南1-XX-XX
・売場面積：改装前 850㎡ → 改装後 920㎡（2階フロア増床）
・開店年：2015年

1.2 改装の背景と目的
・開店から9年が経過し、設備の老朽化が顕著になっていた
・渋谷地区の再開発に伴い、周辺の人流が変化
・若年層（20-30代）の来店比率が低下（3年前35%→現在22%）
・近隣に競合店が2店舗出店し、差別化が急務
・目的：若年層の集客強化、買い物体験の向上、売上前年比120%の達成

【2. 改装工程】

2.1 スケジュール
・企画立案・設計：2024年4月-6月
・施工業者選定：2024年7月（入札方式、3社から選定）
・1期工事（2階フロア）：2024年8月1日-8月31日
・2期工事（1階フロア）：2024年9月1日-9月30日
・営業再開：2024年10月1日（グランドリニューアルオープン）

2.2 改装中の営業
・1期工事中：1階のみで縮小営業（売上影響：通常月比▲40%）
・2期工事中：2階のみで縮小営業（売上影響：通常月比▲35%）
・近隣店舗（代官山店、原宿店）での代替購買を案内

【3. 改装内容】

3.1 1階フロア（食品・日用品）
・入口デザイン刷新：ガラスファサードに変更、視認性と開放感を向上
・生鮮売場の拡大：オープンキッチン型の惣菜コーナー新設
・セルフレジ導入：8台設置（有人レジ4台と併設）
・スマートカート対応：ICタグ読取りによるレジレス体験ゾーン（実証実験）
・LED照明への全面切替：電力消費量30%削減

3.2 2階フロア（ライフスタイル・カフェ）
・新設エリア：PB商品体験コーナー（試食・試用スペース）
・カフェスペース新設：30席、店内購入食品の持込み可
・イベントスペース：料理教室、ワークショップ開催用（最大20名）
・デジタルサイネージ：各所に計8台設置

【4. 投資額と実績】

4.1 投資額
・総投資額：2億3,000万円（当初予算2億5,000万円に対し▲2,000万円）
・内訳：設計費1,500万円、施工費1億8,000万円、什器・備品3,500万円

4.2 改装後の実績（2024年10月-11月、2ヶ月間）
・売上：前年同期比128%（目標120%を上回る）
・客数：前年同期比118%
・客単価：前年同期比108%
・若年層来店比率：32%（改装前22%から+10pt）
・顧客満足度：4.5/5.0（改装前3.8から大幅改善）

【5. 課題と今後の展開】
・カフェスペースの混雑対策（土日の待ち時間が平均20分）
・スマートカートの認知度向上（利用率は現状15%、目標30%）
・改装効果を他店舗（新宿店、横浜店）へ横展開
・投資回収期間の見通し：約3年（当初計画通り）",報告書,店舗運営部,2024-12-15 10:00:00.000,2024-12-15 10:00:00.000,1.0
DOC051,食品ロス削減アクションプラン,"【食品ロス削減アクションプラン】

【文書ID】ENV-FOODLOSS-2024-01
【作成部署】スノーリテール 環境推進部
【機密区分】全社共有
【施行日】2024-07-01

【1. 現状と目標】

1.1 食品ロスの現状
・2023年度の食品廃棄量：年間約1,200トン（売上高比0.8%）
・廃棄金額：年間約4億円
・廃棄の内訳：
  - 消費期限切れ：55%（約660トン）
  - 破損・汚損：20%（約240トン）
  - 過剰発注：15%（約180トン）
  - その他（返品、規格外等）：10%（約120トン）

1.2 削減目標
・2025年度末までに食品廃棄量を2023年度比30%削減（840トン以下）
・2030年度末までに食品廃棄量を2023年度比50%削減（600トン以下）

【2. 値引きルール】

2.1 消費期限に基づく値引き基準
・消費期限当日：30%OFF（朝の開店時に値引きシール貼付）
・消費期限前日（日配品・惣菜）：20%OFF（16:00以降に値引き）
・賞味期限まで1ヶ月以内（加工食品）：10-20%OFF

2.2 値引き運用ルール
・値引き権限：パート・アルバイトを含む全スタッフに付与（基準に沿った場合）
・基準外の値引き（50%OFF等）：店長承認が必要
・値引きシールは所定のものを使用（手書き禁止）
・値引き実績は日次で記録、月次で本部に報告

2.3 ダイナミックプライシング（試験導入）
・対象：惣菜、ベーカリー（導入店舗：都市部20店舗）
・電子棚札と連動し、消費期限・在庫量に応じて自動的に価格を変更
・AI需要予測と連動し、廃棄リスクの高い商品を早期に値引き

【3. フードバンク連携】

3.1 提携フードバンク
・認定NPO法人セカンドハーベスト・ジャパン
・各地域のフードバンク団体（合計15団体と提携）

3.2 寄付対象商品
・賞味期限まで1ヶ月以上残っている加工食品
・外装に軽微な傷がある商品（中身に問題がないもの）
・季節商品の余剰在庫（お歳暮、お中元等のギフト商品）

3.3 運用フロー
1. 各店舗で寄付対象商品をリストアップ（週1回、木曜日）
2. 物流センターで集約
3. フードバンク団体への引渡し（毎週金曜日）
4. 寄付実績の記録（数量、金額、品目）

【4. 廃棄データ分析と発注最適化】

4.1 データ分析基盤
・全店舗の廃棄データをSnowflakeに蓄積し、ダッシュボードで可視化
・商品別、店舗別、曜日別、天候別の廃棄パターンを分析
・AIモデルによる需要予測精度の向上（現状精度85%→目標93%）

4.2 発注量の最適化
・自動発注システムのパラメータを月次で最適化
・天候・イベント・近隣施設の状況を発注ロジックに反映
・過剰発注を繰り返す商品の自動検知とアラート機能

【5. 従業員への啓発活動】
・全従業員向けの食品ロス削減研修（年1回、eラーニング）
・月間食品ロス削減優秀店舗の表彰
・「てまえどり」キャンペーンの推進（消費者向け啓発POP設置）",方針書,環境推進部,2024-07-01 09:00:00.000,2025-01-30 11:00:00.000,1.0
DOC052,アレルギー対応マニュアル,"【アレルギー対応マニュアル】

【文書ID】QC-ALLERGY-2024-01
【作成部署】スノーリテール 品質管理部
【機密区分】全社必読（特に食品取扱い部門）
【施行日】2024-05-01

【1. 基本方針】

食物アレルギーは生命に関わる重大な問題です。スノーリテールは、お客様が安心して商品を選択できるよう、正確なアレルゲン情報の提供と、クロスコンタミネーション（交差汚染）の防止に全力で取り組みます。

【2. 特定原材料等の表示】

2.1 特定原材料（表示義務のある8品目）
・えび、かに、くるみ、小麦、そば、卵、乳、落花生
・これらを含む全商品に必ず表示（PB商品、インストア加工品を含む）

2.2 特定原材料に準ずるもの（表示推奨21品目）
・アーモンド、あわび、いか、いくら、オレンジ、カシューナッツ、キウイフルーツ、牛肉、ごま、さけ、さば、大豆、鶏肉、バナナ、豚肉、まつたけ、もも、やまいも、りんご、ゼラチン、マカダミアナッツ
・当社では推奨品目についても可能な限り表示する方針

2.3 表示方法
・PB商品：パッケージ裏面に一括表示、特定原材料は太字で強調
・インストア加工品（惣菜、ベーカリー）：商品ラベルに表示、売場POPにも掲示
・バラ売り商品：売場のアレルゲン情報ファイルで確認可能（各売場に設置）

【3. クロスコンタミネーション防止】

3.1 インストア加工場での対策
・アレルゲンを含む原材料の専用保管場所の確保（色分けした容器を使用）
・調理器具の使い分け：
  - 小麦製品用、卵製品用、乳製品用の器具を色分け
  - 共用する場合は使用前に洗浄・消毒を徹底
・作業順序：アレルゲンを含まない商品 → 含む商品の順に調理
・作業台の都度清掃（商品切替時に必ず実施）

3.2 売場での対策
・アレルゲンを含む商品と含まない商品の陳列を明確に区分
・惣菜のバイキング形式では、トングの共用による交差汚染に注意
  - 各商品に専用トングを設置、「取り替えないでください」の表示
・試食コーナーでのアレルゲン表示の徹底

3.3 配送・保管での対策
・アレルゲンを含む原材料の保管は専用エリアまたは密封容器で管理
・配送時の混載による汚染防止（液漏れ対策の徹底）

【4. お客様からのアレルギーに関する問い合わせ対応】

4.1 店頭での対応
1. お客様のアレルギー情報を丁寧にヒアリング
2. 該当商品のアレルゲン情報を正確に確認（ラベル、管理ファイルで確認）
3. 不明な場合は「確認いたします」と伝え、品質管理部に問い合わせ
4. 絶対に曖昧な回答をしない（「たぶん入っていません」は厳禁）

4.2 アレルギー事故発生時の対応
1. お客様の安全確保（症状が重い場合は直ちに119番通報）
2. 店長に即時報告
3. 該当商品の販売中止と保全（証拠として保管）
4. 品質管理部に報告、原因調査の開始
5. お客様への誠実な対応と経過フォロー

【5. 教育・研修】
・食品取扱い部門の全スタッフ：入社時研修、年1回の再研修
・研修内容：アレルゲンの基礎知識、表示ルール、クロスコンタミ防止、緊急対応
・テスト合格（80点以上）を研修修了の条件とする",マニュアル,品質管理部,2024-05-01 09:00:00.000,2025-02-15 10:00:00.000,2.0
DOC053,ペット用品取扱いガイド,"【ペット用品取扱いガイド】

【文書ID】MD-PET-2024-01
【作成部署】スノーリテール 商品部
【機密区分】関連部門共有
【施行日】2024-08-01

【1. 基本方針】

スノーリテールは、ペットを家族の一員として大切にするお客様のニーズに応えるため、安全で高品質なペット用品を提供します。なお、当社では動物の愛護及び管理に関する法律の趣旨に基づき、生体（生きた動物）の店頭販売は行いません。

【2. 取扱いカテゴリ】

2.1 ペットフード
・犬用フード（ドライ、ウェット、おやつ、療法食）
・猫用フード（ドライ、ウェット、おやつ、療法食）
・小動物用フード（うさぎ、ハムスター、鳥類）
・観賞魚用フード

2.2 ペット用品
・トイレ用品（ペットシーツ、猫砂、トイレ本体）
・ケア用品（シャンプー、ブラシ、爪切り、歯磨き）
・おもちゃ、ベッド、キャリーバッグ
・首輪、リード、ハーネス

【3. ペットフード品質基準】

3.1 仕入基準
・ペットフード安全法に基づく基準を満たすこと
・製造者がペットフード安全法に基づく届出を行っていること
・原材料の産地、添加物の使用状況が明確であること
・当社PBペットフードは、人間用食品と同等の品質管理基準を適用

3.2 品質チェック項目
・成分表示の正確性（粗たんぱく質、粗脂肪、粗繊維、粗灰分、水分）
・賞味期限の適正表示
・パッケージの密封性、破損の有無
・異物混入の有無（入荷時の抜き取り検査）

3.3 保管・陳列基準
・直射日光を避け、高温多湿を避けた場所に保管
・開封済み商品（試供品等）は販売しない
・消費期限まで1ヶ月未満の商品は売場から撤去
・冷蔵・冷凍が必要なフードは適切な温度帯で管理

【4. リコール対応】

4.1 情報収集
・農林水産省のペットフードリコール情報を毎日確認
・メーカーからのリコール通知を品質管理部で一元受付
・SNS・ニュースでのペットフード関連の健康被害情報を監視

4.2 リコール発生時の対応フロー
1. 品質管理部からの緊急通知を受信
2. 該当商品の即時販売中止・売場からの撤去（通知から2時間以内）
3. 在庫の隔離保管（返品・廃棄の指示があるまで保管）
4. 店頭告知の掲示（A4サイズ、目立つ場所に掲示）
5. 購入済みの顧客への連絡（会員情報から購入者を特定し、メール・電話で案内）
6. 返品・返金対応（レシートなしでも会員情報で購入確認可能であれば対応）

4.3 事後対応
・リコール対象商品の返品率を追跡（目標：購入者の80%以上に到達）
・メーカーへの再発防止策の確認
・取引継続の可否判断（品質管理部と商品部で協議）

【5. お客様対応】
・ペットの健康相談への対応：当社スタッフは医療的なアドバイスは行わない（獣医師への相談を推奨）
・フード選びのサポート：年齢、体重、アレルギーに応じた商品の案内
・ペット同伴入店ルール：原則不可（補助犬は除く）、ペットカート貸出しサービスあり（一部店舗）",ガイドライン,商品部,2024-08-01 09:00:00.000,2024-11-20 15:00:00.000,1.0
DOC054,防災・避難マニュアル,"【防災・避難マニュアル】

【文書ID】GA-DISASTER-2024-01
【作成部署】スノーリテール 総務部
【機密区分】全社必読
【施行日】2024-04-01

【1. 基本方針】

スノーリテールは、災害発生時における来店中のお客様と従業員の安全確保を最優先とします。本マニュアルは、地震、火災、台風等の災害時に迅速かつ適切に対応するための手順を定めます。

【2. 地震発生時の対応】

2.1 揺れを感じたら（即時対応）
・お客様への声掛け：「地震です。頭を守ってしゃがんでください」
・落下物への注意喚起（陳列棚から離れるよう案内）
・火気の即時消火（惣菜調理場、ベーカリー等）
・エレベーターの使用禁止をアナウンス

2.2 揺れが収まったら
1. 負傷者の確認と応急処置（AEDは各階に設置、救急箱はサービスカウンターに常備）
2. 店内放送で避難指示（マニュアルトーク：「お客様にお知らせいたします。ただいまの地震の影響を確認中です。スタッフの指示に従い、落ち着いて行動してください」）
3. 建物の安全確認（柱、壁、天井の損傷、ガス漏れ、水漏れの確認）
4. 安全が確認できない場合：避難誘導を開始

2.3 避難誘導
・避難経路：各フロアに2カ所以上の避難口を確保
・避難誘導担当：フロアごとに2名以上配置（蛍光ベスト着用）
・要配慮者（高齢者、障がいのある方、お子様連れ）を優先的に誘導
・避難完了後、全員の安否を確認（従業員名簿、来客概数で確認）

【3. 火災発生時の対応】

3.1 発見者の行動
1. 大声で「火事だ！」と周囲に知らせる
2. 火災報知器を押す（各通路に設置）
3. 初期消火を試みる（消火器を使用、ただし天井に火が回ったら消火を断念し避難）
4. 119番に通報（「スノーリテール○○店で火災です。住所は…」）

3.2 店長・責任者の行動
1. 館内放送で避難指示
2. 消防への通報確認
3. 避難誘導の指揮（エレベーター使用禁止、階段での避難を指示）
4. 防火シャッターの降下確認
5. 消防隊到着時に状況を報告（出火場所、避難状況、負傷者の有無）

【4. 台風・水害時の対応】

4.1 事前準備（台風接近時）
・気象情報の継続的な確認（気象庁の警報・注意報）
・飛散防止対策（屋外看板、のぼり、カート等を屋内に収納）
・浸水対策（止水板の設置、1階の商品を高所に移動）
・営業短縮・臨時休業の判断基準：
  - 暴風警報発令時：営業短縮を検討
  - 特別警報発令時：原則臨時休業
  - 判断権限：エリアマネージャー（緊急時は店長判断で可）

4.2 浸水時の対応
1. 電気設備の遮断（感電防止）
2. 顧客と従業員の上階への誘導
3. 浸水状況の記録（写真撮影、水位の記録）

【5. 安否確認】
・災害発生時、全従業員は安否確認システム（SnowSafety）に状況を報告
・報告期限：災害発生から3時間以内
・報告内容：本人の安否、家族の安否、出勤可否
・システム障害時の代替手段：店長への電話連絡

【6. 防災訓練】
・全店舗で年2回の避難訓練を実施（6月、11月）
・消火器の使用訓練、AEDの使用訓練を含む
・訓練結果の報告書を総務部に提出（訓練後1週間以内）",マニュアル,総務部,2024-04-01 09:00:00.000,2025-03-01 10:00:00.000,2.0
DOC055,サステナビリティレポート2024,"【サステナビリティレポート2024】

【文書ID】ENV-SUSTAINABILITY-2024
【作成部署】スノーリテール 環境推進部
【機密区分】全社共有・社外公開用
【発行日】2025-03-01

【1. トップメッセージ】

スノーリテールは、「持続可能な社会の実現に貢献する小売企業」を目指し、環境・社会・ガバナンス（ESG）の各分野で積極的に取り組んでまいりました。2024年度は、脱炭素社会への移行、循環型経済の推進、多様な人材の活躍という3つの柱で着実な成果を上げることができました。

【2. CO2排出削減実績】

2.1 排出量の推移
・2020年度（基準年）：85,000トンCO2
・2023年度：68,000トンCO2（基準年比▲20%）
・2024年度：59,500トンCO2（基準年比▲30%）←目標達成

2.2 主な削減施策と効果
・LED照明への全店切替完了：▲5,200トンCO2/年
・高効率冷凍冷蔵設備の導入（80店舗）：▲3,800トンCO2/年
・物流効率化（配送ルート最適化、積載率向上）：▲2,500トンCO2/年
・再生可能エネルギーの導入：▲4,000トンCO2/年

2.3 再生可能エネルギー導入状況
・太陽光発電パネル設置：45店舗（累計発電容量：8.5MW）
・再エネ電力調達契約：全店舗の電力の25%を再エネに切替（2024年度末時点）
・2025年度目標：30%に拡大

【3. プラスチック削減】

3.1 実績
・レジ袋辞退率：85%（2023年度80%から+5pt）
・PB商品パッケージの紙化：対象商品の45%で完了（2023年度30%）
・使い捨てプラスチック使用量：前年比▲18%

3.2 主な取組み
・マイバッグ持参ポイント付与（5ポイント/回）の継続
・惣菜容器のバイオマスプラスチック化（全惣菜容器の60%で導入）
・ストロー・カトラリーの紙製・木製への切替完了
・商品トレーのリサイクルBOX設置（全店舗、回収率72%）

【4. 食品ロス削減】

4.1 実績
・食品廃棄量：960トン（2023年度1,200トンから▲20%）
・フードバンクへの寄付量：180トン（前年比+50%）
・ダイナミックプライシング導入効果：導入店舗の廃棄量▲25%

4.2 今後の目標
・2025年度：840トン以下（2023年度比▲30%）
・2030年度：600トン以下（2023年度比▲50%）

【5. 社会的取組み】

5.1 ダイバーシティ&インクルージョン
・女性管理職比率：27%（2023年度23%から+4pt、2025年度目標30%）
・障がい者雇用率：2.8%（法定雇用率2.5%を上回る）
・外国人従業員数：350名（全従業員の4.2%）
・育児休業取得率：女性100%、男性45%（2023年度35%から+10pt）

5.2 地域貢献活動
・子ども食堂への食材提供：全国35カ所、提供食数 年間12,000食
・地域清掃活動：全店舗で月1回実施、延べ参加者8,500名
・食育プログラム：地元小学校での出前授業 年間50回実施
・災害時の物資提供協定：42自治体と締結

5.3 サプライチェーン管理
・サプライヤー行動規範の策定と全取引先への周知
・人権デューデリジェンスの実施（主要100社対象）
・持続可能な調達方針に基づくMSC/ASC認証水産物の取扱い拡大

【6. 今後の目標】
・2030年：CO2排出量50%削減（2020年度比）
・2050年：カーボンニュートラルの達成
・2025年：食品ロス30%削減（2023年度比）
・2025年：再エネ比率30%達成",報告書,環境推進部,2025-03-01 09:00:00.000,2025-03-01 09:00:00.000,1.0
DOC056,外国人観光客対応マニュアル,"【外国人観光客対応マニュアル】

【文書ID】CS-INBOUND-2024-01
【作成部署】スノーリテール 接客サービス部
【機密区分】全店舗スタッフ共有
【施行日】2024-07-01

【1. 基本方針】

訪日外国人観光客の増加に伴い、スノーリテールでは全店舗でインバウンド対応力の強化を図ります。言語の壁を超えたおもてなしの心で、外国人のお客様にも「また来たい」と思っていただける店舗を目指します。

【2. 多言語対応】

2.1 店内表示
・主要案内表示：日本語、英語、中国語（簡体字）、韓国語の4言語で表示
・対象：フロアガイド、トイレ案内、レジ案内、免税カウンター案内、避難経路
・商品POP：英語併記を推進（特にPB商品、お土産向け商品）

2.2 コミュニケーションツール
・指さし会話シート：レジカウンター、サービスカウンターに常備
  - 対応言語：英語、中国語、韓国語、タイ語、ベトナム語
  - 掲載内容：挨拶、会計、免税、配送、よくある質問
・翻訳アプリ：店舗用タブレットにインストール済み（Google翻訳、VoiceTra）
・多言語コールセンター：外部委託（英語・中国語・韓国語対応、10:00-20:00）
  - 電話番号：内線8850 → 自動転送

2.3 基本英語フレーズ（全スタッフ必修）
・Welcome! How can I help you?（いらっしゃいませ。何かお手伝いしましょうか？）
・Tax-free shopping is available.（免税でお買い物いただけます。）
・Please show your passport.（パスポートをお見せください。）
・Would you like a bag?（袋はお入り用ですか？）
・Thank you! Please come again.（ありがとうございます。またお越しください。）

【3. 免税手続き】

3.1 免税対象条件
・対象者：日本国内に住所を持たない外国籍の方（短期滞在ビザ）
・対象金額：
  - 一般物品（家電、衣料品等）：同一店舗で1日の購入合計5,000円以上（税抜）
  - 消耗品（食品、化粧品等）：同一店舗で1日の購入合計5,000円以上50万円以下（税抜）
  - 一般物品と消耗品の合算：5,000円以上（特殊包装が必要）

3.2 免税手続きフロー
1. お客様がパスポートを提示
2. 在留資格の確認（短期滞在であること）
3. 購入金額の確認（免税対象金額以上であること）
4. 免税販売管理システムにパスポート情報を入力
5. 購入記録票の作成（電子化対応済み）
6. 消耗品の場合：専用袋で封印（出国まで開封不可の旨を説明）
7. 免税価格での精算

3.3 注意事項
・免税手続きは購入当日のみ有効（後日の手続き不可）
・転売目的の大量購入が疑われる場合は免税を拒否できる
・免税手続きの研修修了者のみが対応可能（研修は人事部が年2回実施）

【4. 文化的配慮】

4.1 宗教上の配慮
・ハラール対応：ハラール認証商品の取扱い（一部店舗）、成分表示の多言語化
・ベジタリアン/ヴィーガン対応：該当商品への「Vegetarian」「Vegan」マーク表示
・礼拝スペース：大型店舗3店舗に設置（東京駅前店、心斎橋店、福岡天神店）

4.2 決済対応
・海外発行クレジットカード：VISA、Mastercard、JCB、AMEX、UnionPay（銀聯）
・モバイル決済：Alipay、WeChat Pay、Apple Pay、Google Pay対応
・外貨両替：対応していない旨を案内し、近隣の両替所を案内

4.3 マナーの違いへの理解
・試食品の取扱い（国によって異なるマナーへの理解）
・写真撮影（店内撮影のルールを多言語表示）
・声の大きさ（文化の違いとして理解し、必要な場合のみ丁寧にお願い）

【5. お土産ニーズへの対応】
・人気お土産商品の専用コーナー設置（和菓子、抹茶製品、日本酒等）
・ギフト包装サービス（無料、日本らしいデザインの包装紙を使用）
・配送サービス：ホテルへの当日配送、海外発送（EMS連携、一部店舗）",マニュアル,接客サービス部,2024-07-01 09:00:00.000,2025-02-20 14:00:00.000,2.0
